create schema project;

create table project.passengers(
    passengers_id integer primary key,
    first_name    text NOT NULL,
    last_name     text NOT NULL,
    patronymic    text,
    br_date       date,
    passport      text NOT NULL
);


create table project.tickets(
    char_number     text,
    digit_number    integer,
    passenger_id    integer,
    first_name      text NOT NULL,
    last_name       text NOT NULL,
    patronymic      text,
    departure_date  date,
    departure_time  time,
    arrival_date    date,
    arrival_time    time,
    row             integer NOT NULL,
    row_letter      varchar(1) NOT NULL,
    gate            integer NOT NULL,
    class           text NOT NULL,
    constraint PK_Tickets PRIMARY KEY (char_number, digit_number, passenger_id),
    constraint FK_PassengersTicket FOREIGN KEY (passenger_id)
        references project.passengers(passengers_id)
);


create table project.airport(
    airport_name     text primary key,
    address          text,
    city             text NOT NULL,
    latitude         float8,
    longitude        float8
);


create table project.airline_company_at_airport(
    char_number     text,
    digit_number    integer,
    airport_name    text NOT NULL,
    company_name    text NOT NULL,
    constraint PK_AirlineCompanyAtAirport PRIMARY KEY (char_number, digit_number),
    constraint FK_AirportName FOREIGN KEY (airport_name)
        references project.airport(airport_name)
);

create table project.airline_company(
    plane_id        integer PRIMARY KEY ,
    company_name    text
);

create table project.plane(
    plane_id        integer PRIMARY KEY,
    commander_id    integer NOT NULL,
    model           text NOT NULL,
    type            text NOT NULL,
    first_name      text NOT NULL,
    last_name       text NOT NULL,
    patronymic      text,
    br_date         date,
    constraint FK_AirlinesPlanes FOREIGN KEY (plane_id)
        references project.airline_company(plane_id)
);



create table project.flights(
    char_number         text,
    digit_number        integer,
    type                text  NOT NULL,
    from_airport_name   text NOT NULL,
    to_airport_name     text NOT NULL,
    departure_date      date NOT NULL,
    departure_time      time NOT NULL,
    arrival_date        date NOT NULL,
    arrival_time        time NOT NULL,
    plane_id            integer NOT NULL,
    constraint PK_Flights PRIMARY KEY (char_number, digit_number),
    constraint FK_AirlineCompanyAtAirportFlights FOREIGN KEY (char_number, digit_number)
        references project.airline_company_at_airport(char_number, digit_number),
    constraint FK_PlanesFlights FOREIGN KEY (plane_id)
        references project.plane(plane_id)
);



alter table project.tickets add constraint FK_FlightsTickets FOREIGN KEY (char_number, digit_number)
    references project.flights(char_number, digit_number);


---------------------------------------------------------------
insert into project.passengers values (1000, 'Зинаида', 'Криштофич', 'Захаровна', '1973-12-21', '4137 761086');
insert into project.passengers values (1001, 'Николай', 'Куликов', 'Витальевич', '1990-09-16', '4893 753917');
insert into project.passengers values (1002, 'Марк', 'Анисимов', 'Ильич', '1994-08-11', '4822 224954');
insert into project.passengers values (1003, 'Нина', 'Иванкова', 'Марковна', '1974-06-10', '4238 721929');
insert into project.passengers values (1004, 'Алена', 'Валеева', 'Серафимовна', '1967-02-12', '4594 816487');
insert into project.passengers values (1005, 'Василий', 'Соломахин', 'Кузьмич', '1982-11-03', '4625 996691');
insert into project.passengers values (1006, 'Кирилл', 'Смольников', 'Антонович', '1988-05-03', '4517 988974');
insert into project.passengers values (1007, 'Наталия', 'Абумайлова', 'Валериановна', '1977-08-18', '4159 174662');
insert into project.passengers values (1008, 'Антонина', 'Руднева', 'Макаровна', '1982-11-27', '4315 892626');
insert into project.passengers values (1009, 'Алина', 'Ярославцева', 'Филипповна', '1962-12-27', '4483 609941');
insert into project.passengers values (1010, 'Яков', 'Шлыков', 'Юлианович', '1979-08-25', '4339 135711');
insert into project.passengers values (1011, 'Иван', 'Кэбин', 'Давидович', '1972-03-20', '4993 802581');
insert into project.passengers values (1012, 'Николай', 'Гордеев', 'Геннадьевич', '1990-06-12', '4034 537277');
insert into project.passengers values (1013, 'Виктория', 'Климушина', 'Порфнрьевна', '1994-12-21', '4466 894861');
insert into project.passengers values (1014, 'Кира', 'Хамидуллина', 'Валериановна', '1991-09-16', '4682 817544');
insert into project.passengers values (1015, 'Тамара', 'Янчурова', 'Тимофеевна', '1969-02-05', '4236 490726');
insert into project.passengers values (1016, 'Юлиана', 'Фунтусова', 'Петровна', '1993-06-04', '4344 526424');
insert into project.passengers values (1017, 'Макар', 'Зорин', 'Тимофеевич', '1995-09-27', '4916 110765');
insert into project.passengers values (1018, 'Вера', 'Ряхина', 'Филипповна', '1982-01-18', '4337 612540');
insert into project.passengers values (1019, 'Дарья', 'Беломестова', 'Ефимовна', '1995-07-20', '4484 799487');
insert into project.passengers values (1020, 'Ольга', 'Грачева', 'Всеволодовна', '1980-09-02', '4385 746991');
insert into project.passengers values (1021, 'Галина', 'Черенчикова', 'Власовна', '1995-08-20', '4195 582352');
insert into project.passengers values (1022, 'Марфа', 'Стародубова', 'Ивановна', '1988-08-19', '4839 656558');
insert into project.passengers values (1023, 'Марфа', 'Есикова', 'Адамовна', '1972-11-12', '4818 935074');
insert into project.passengers values (1024, 'Аполлинария', 'Мандрыка', 'Севастьяновна', '1960-12-21', '4779 920088');
insert into project.passengers values (1025, 'Василий', 'Лутугин', 'Юрьевич', '1967-03-16', '4067 645888');
insert into project.passengers values (1026, 'Ефим', 'Левтев', 'Давидович', '1978-03-07', '4375 609622');
insert into project.passengers values (1027, 'Прохор', 'Хейчеев', 'Валерьевич', '1968-12-10', '4624 447171');
insert into project.passengers values (1028, 'Емельян', 'Няшин', 'Семенович', '1985-01-10', '4175 806673');
insert into project.passengers values (1029, 'Лана', 'Юганцева', 'Филипповна', '1993-10-17', '4955 725525');
insert into project.passengers values (1030, 'Леонид', 'Ивашин', 'Ираклиевич', '1960-12-03', '4952 677783');
insert into project.passengers values (1031, 'Ярослава', 'Салтанова', 'Порфнрьевна', '1979-12-07', '4885 538263');
insert into project.passengers values (1032, 'Иван', 'Майоров', 'Алексеевич', '1994-11-25', '4163 957821');
insert into project.passengers values (1033, 'Таисия', 'Морякова', 'Феоктистовна', '1983-07-13', '4835 254042');
insert into project.passengers values (1034, 'Егор', 'Глинка', 'Нифонтович', '1971-02-12', '4367 130282');
insert into project.passengers values (1035, 'Константин', 'Лешев', 'Лукьевич', '1994-08-21', '4013 309544');
insert into project.passengers values (1036, 'Александр', 'Энгельгардт', 'Фадеевич', '1966-08-15', '4625 543747');
insert into project.passengers values (1037, 'Елена', 'Дудник', 'Егоровна', '1969-12-12', '4069 205380');
insert into project.passengers values (1038, 'Роман', 'Луков', 'Иванович', '1963-11-14', '4516 555683');
insert into project.passengers values (1039, 'Галина', 'Глускина', 'Егоровна', '1960-10-19', '4598 602915');
insert into project.passengers values (1040, 'Виктор', 'Ляпушкин', 'Феоктистович', '1990-01-13', '4444 733717');
insert into project.passengers values (1041, 'Варвара', 'Цейдлерина', 'Ефимовна', '1967-02-08', '4560 878740');
insert into project.passengers values (1042, 'Марк', 'Лясин', 'Никанорович', '1965-07-19', '4285 940461');
insert into project.passengers values (1043, 'Серафим', 'Белоусов', 'Лукьевич', '1990-02-22', '4316 185269');
insert into project.passengers values (1044, 'Кира', 'Худякова', 'Феоктистовна', '1978-09-18', '4179 185688');
insert into project.passengers values (1045, 'Антон', 'Смирнитский', 'Власович', '1976-09-20', '4497 200766');
insert into project.passengers values (1046, 'Виктор', 'Эскин', 'Арсеньевич', '1986-05-24', '4531 389798');
insert into project.passengers values (1047, 'Игнат', 'Яременко', 'Михаилович', '1967-12-18', '4772 851599');
insert into project.passengers values (1048, 'Нина', 'Племянникова', 'Леонтьевна', '1978-03-16', '4187 901171');
insert into project.passengers values (1049, 'Николай', 'Язев', 'Прохорович', '1978-09-03', '4319 347584');
insert into project.passengers values (1050, 'Игнат', 'Ягутян', 'Венедиктович', '1985-02-11', '4086 359465');
insert into project.passengers values (1051, 'Ефим', 'Филатов', 'Макарович', '1977-10-13', '4758 866581');
insert into project.passengers values (1052, 'Серафима', 'Сагадиева', 'Ивановна', '1990-08-13', '4227 459250');
insert into project.passengers values (1053, 'Евгений', 'Дмитровский', 'Валентинович', '1982-01-13', '4421 593052');
insert into project.passengers values (1054, 'Дарья', 'Случевская', 'Валентиновна', '1992-01-06', '4550 518355');
insert into project.passengers values (1055, 'Нина', 'Ярощука', 'Алексеевна', '1986-02-13', '4323 141360');
insert into project.passengers values (1056, 'Никифор', 'Салагин', 'Максимоич', '1960-09-04', '4048 370434');
insert into project.passengers values (1057, 'Марфа', 'Бакшаева', 'Петровна', '1960-11-10', '4291 763177');
insert into project.passengers values (1058, 'Серафим', 'Ярошевский', 'Александрович', '1962-10-13', '4210 600002');
insert into project.passengers values (1059, 'Марина', 'Щегельская', 'Юрьевна', '1977-09-18', '4392 306407');
insert into project.passengers values (1060, 'Григорий', 'Койтасбаев', 'Васильевич', '1982-11-14', '4243 676777');
insert into project.passengers values (1061, 'Роман', 'Коченков', 'Савванович', '1995-09-02', '4565 755041');
insert into project.passengers values (1062, 'Маргарита', 'Инькова', 'Елизаровна', '1976-06-02', '4564 649127');
insert into project.passengers values (1063, 'Зоя', 'Кидирбаева', 'Александровна', '1985-11-24', '4176 345120');
insert into project.passengers values (1064, 'Савва', 'Сафонов', 'Васильевич', '1960-07-07', '4514 302628');
insert into project.passengers values (1065, 'Аркадий', 'Полков', 'Яковеевичевич', '1994-09-06', '4389 135514');
insert into project.passengers values (1066, 'Алена', 'Круминьш', 'Феоктистовна', '1965-06-04', '4232 575534');
insert into project.passengers values (1067, 'Афанасий', 'Золотов', 'Федотович', '1961-01-07', '4130 223326');
insert into project.passengers values (1068, 'Светлана', 'Масленникова', 'Антоновна', '1981-05-13', '4748 553678');
insert into project.passengers values (1069, 'Юрий', 'Яснеев', 'Павлович', '1965-06-06', '4441 407607');
insert into project.passengers values (1070, 'Макар', 'Журов', 'Феоктистович', '1978-03-07', '4670 385123');
insert into project.passengers values (1071, 'Василий', 'Ломоносов', 'Вячеславович', '1976-06-09', '4725 559833');
insert into project.passengers values (1072, 'Валентина', 'Квартальнова', 'Петровна', '1963-03-26', '4789 401620');
insert into project.passengers values (1073, 'Юлиана', 'Воликова', 'Васильевна', '1964-07-16', '4350 505749');
insert into project.passengers values (1074, 'Константин', 'Яматин', 'Юлианович', '1991-07-08', '4555 210977');
insert into project.passengers values (1075, 'Антон', 'Бобрик', 'Маркович', '1962-06-01', '4823 517536');
insert into project.passengers values (1076, 'Алла', 'Яговенко', 'Якововна', '1967-08-04', '4612 129086');
insert into project.passengers values (1077, 'Римма', 'Качурина', 'Марковна', '1962-05-11', '4514 910698');
insert into project.passengers values (1078, 'Ольга', 'Аксёнова', 'Данииловна', '1973-01-20', '4933 820119');
insert into project.passengers values (1079, 'Валентина', 'Швечикова', 'Саввановна', '1984-06-07', '4393 346559');
insert into project.passengers values (1080, 'Афанасий', 'Шамякин', 'Адамович', '1993-12-05', '4554 834195');
insert into project.passengers values (1081, 'Федор', 'Буданов', 'Егорович', '1962-10-24', '4584 923798');
insert into project.passengers values (1082, 'Виктория', 'Витвинина', 'Давидович', '1991-10-10', '4137 151503');
insert into project.passengers values (1083, 'Надежда', 'Коньякова', 'Севастьяновна', '1981-09-19', '4459 506648');
insert into project.passengers values (1084, 'Татьяна', 'Хуснутдинова', 'Тарасовна', '1960-08-05', '4792 377196');
insert into project.passengers values (1085, 'Алексей', 'Юневич', 'Степанович', '1986-05-05', '4513 290992');
insert into project.passengers values (1086, 'Татьяна', 'Зонова', 'Давидовна', '1976-10-08', '4012 503740');
insert into project.passengers values (1087, 'Егор', 'Ефимов', 'Артемович', '1972-08-04', '4053 551417');
insert into project.passengers values (1088, 'Ростислав', 'Кулумбаев', 'Даниилович', '1967-08-20', '4959 247030');
insert into project.passengers values (1089, 'Ростислав', 'Грушанин', 'Семенович', '1969-10-25', '4151 427508');
insert into project.passengers values (1090, 'Аркадий', 'Титов', 'Артемович', '1977-08-06', '4849 834954');
insert into project.passengers values (1091, 'Яков', 'Поликарпов', 'Егорович', '1974-03-14', '4353 682558');
insert into project.passengers values (1092, 'Марианна', 'Олейникова', 'Юрьевна', '1977-07-24', '4090 845251');
insert into project.passengers values (1093, 'Настасья', 'Кравцова', 'Ивановна', '1986-08-22', '4345 957920');
insert into project.passengers values (1094, 'Афанасия', 'Бялик', 'Денисовна', '1965-10-02', '4076 275923');
insert into project.passengers values (1095, 'Алиса', 'Набережная', 'Ефимовна', '1970-11-11', '4232 703688');
insert into project.passengers values (1096, 'Алина', 'Ивашечкина', 'Юлиановна', '1966-07-04', '4590 381914');
insert into project.passengers values (1097, 'Анастасия', 'Тихомирова', 'Ильишна', '1964-12-17', '4435 417188');
insert into project.passengers values (1098, 'Галина', 'Аксенчука', 'Ивановна', '1962-03-14', '4183 445601');
insert into project.passengers values (1099, 'Ника', 'Тесла', 'Ефимовна', '1980-11-07', '4365 674385');

insert into project.passengers values (1100, 'Ефрем', 'Брынских', 'Германович', '1966-01-23', '4896 754042');
insert into project.passengers values (1101, 'Юлия', 'Черкашина', 'Игнатевна', '1970-04-20', '4979 362305');
insert into project.passengers values (1102, 'Алексей', 'Бельтюков', 'Викторович', '1977-03-15', '4078 109679');
insert into project.passengers values (1103, 'Василиса', 'Симонова', 'Артемова', '1978-07-11', '4743 754379');
insert into project.passengers values (1104, 'Игнат', 'Купцов', 'Валентинович', '1966-07-07', '4715 756686');
insert into project.passengers values (1105, 'Ольга', 'Лукашенко', 'Никитьевна', '1976-10-26', '4369 821078');
insert into project.passengers values (1106, 'Савва', 'Яндашевский', 'Иванович', '1994-01-23', '4426 214275');
insert into project.passengers values (1107, 'Марфа', 'Абрашина', 'Игнатьевна', '1977-10-15', '4699 362114');
insert into project.passengers values (1108, 'Валерия', 'Кулумбаева', 'Витальевна', '1973-04-07', '4585 130698');
insert into project.passengers values (1109, 'Виктория', 'Загидуллина', 'Макаровна', '1991-03-04', '4236 401238');
insert into project.passengers values (1110, 'Лидия', 'Жирова', 'Наумовна', '1992-12-03', '4870 363280');
insert into project.passengers values (1111, 'Кирилл', 'Бунин', 'Гаврннлович', '1994-08-12', '4877 907372');
insert into project.passengers values (1112, 'Зинаида', 'Мананникова', 'Константиновна', '1989-12-08', '4754 106294');
insert into project.passengers values (1113, 'Степан', 'Савинков', 'Яковеевичевич', '1990-08-15', '4944 160756');
insert into project.passengers values (1114, 'Денис', 'Бобров', 'Филиппович', '1979-09-18', '4984 831345');
insert into project.passengers values (1115, 'Нина', 'Муравьёва', 'Николаевна', '1979-06-03', '4329 435459');
insert into project.passengers values (1116, 'Геннадий', 'Андроников', 'Прохорович', '1965-05-24', '4579 698843');
insert into project.passengers values (1117, 'Антон', 'Седельников', 'Юлианович', '1961-06-03', '4088 288683');
insert into project.passengers values (1118, 'Маргарита', 'Ивазова', 'Евгеньевна', '1976-04-08', '4110 925812');
insert into project.passengers values (1119, 'Серафима', 'Чана', 'Юлиановна', '1990-09-26', '4547 472863');
insert into project.passengers values (1120, 'Вера', 'Васильевых', 'Климентьевна', '1966-06-10', '4052 800800');
insert into project.passengers values (1121, 'Савва', 'Ястребов', 'Сергеевич', '1989-09-18', '4733 813024');
insert into project.passengers values (1122, 'Кузьма', 'Кочинян', 'Афанасьевич', '1976-12-28', '4573 865797');
insert into project.passengers values (1123, 'Анжела', 'Печеникова', 'Никандровна', '1966-11-21', '4744 679516');
insert into project.passengers values (1124, 'Вениамин', 'Эфиров', 'Викторович', '1970-07-09', '4837 526601');
insert into project.passengers values (1125, 'Ефим', 'Фернандес', 'Климентьевич', '1966-06-17', '4316 616768');
insert into project.passengers values (1126, 'Арина', 'Бутылина', 'Семеновна', '1972-01-20', '4354 868684');
insert into project.passengers values (1127, 'Григорий', 'Корявин', 'Яковлевич', '1988-11-18', '4895 405418');
insert into project.passengers values (1128, 'Петр', 'Элефтеров', 'Викторович', '1968-04-12', '4851 849498');
insert into project.passengers values (1129, 'Гавриил', 'Яковцов', 'Маркович', '1988-02-07', '4126 605460');
insert into project.passengers values (1130, 'Захар', 'Блатов', 'Лукьевич', '1988-11-17', '4021 809829');
insert into project.passengers values (1131, 'Валентина', 'Ерхова', 'Александровна', '1964-07-16', '4832 681469');
insert into project.passengers values (1132, 'Вячеслав', 'Тимашёв', 'Макарович', '1961-12-19', '4243 470468');
insert into project.passengers values (1133, 'Ирина', 'Абдулова', 'Григорьевна', '1981-09-12', '4446 625038');
insert into project.passengers values (1134, 'Аполлинария', 'Руднева', 'Евгеньевна', '1994-07-16', '4325 205384');
insert into project.passengers values (1135, 'Михаил', 'Изотов', 'Макарович', '1987-10-08', '4350 748762');
insert into project.passengers values (1136, 'Ася', 'Боркова', 'Иннокентьевна', '1996-04-01', '4719 622543');
insert into project.passengers values (1137, 'Людмила', 'Кабальнова', 'Якововна', '1981-02-22', '4549 532821');
insert into project.passengers values (1138, 'Юрий', 'Шидловский', 'Викторович', '1988-07-11', '4818 118180');
insert into project.passengers values (1139, 'Игнат', 'Рябец', 'Севастьянович', '1995-10-04', '4075 707642');
insert into project.passengers values (1140, 'Герман', 'Кондаков', 'Данилович', '1983-01-24', '4243 609589');
insert into project.passengers values (1141, 'Кирилл', 'Талалихин', 'Лукьевич', '1983-03-24', '4812 159387');
insert into project.passengers values (1142, 'Надежда', 'Евстигнеева', 'Максимовна', '1971-07-10', '4136 738341');
insert into project.passengers values (1143, 'Серафима', 'Витаева', 'Саввановна', '1993-01-13', '4569 706535');
insert into project.passengers values (1144, 'Аркадий', 'Яковкин', 'Сергеевич', '1964-07-14', '4386 574290');
insert into project.passengers values (1145, 'Степан', 'Ромазан', 'Прокльев', '1969-08-03', '4822 206996');
insert into project.passengers values (1146, 'Захар', 'Иньшов', 'Максимович', '1978-04-25', '4484 165636');
insert into project.passengers values (1147, 'Иван', 'Константинов', 'Александрович', '1992-01-01', '4628 444254');
insert into project.passengers values (1148, 'Анна', 'Солодская', 'Леонтьевна', '1982-08-19', '4279 515389');
insert into project.passengers values (1149, 'Клавдия', 'Проничева', 'Афанасьевна', '1968-07-26', '4675 852498');
insert into project.passengers values (1150, 'Пелагея', 'Ярошенко', 'Вениаминовна', '1976-05-18', '4423 763726');
insert into project.passengers values (1151, 'Раиса', 'Чана', 'Федоровна', '1961-01-26', '4256 815078');
insert into project.passengers values (1152, 'Алена', 'Печкина', 'Петровна', '1991-10-13', '4523 645525');
insert into project.passengers values (1153, 'Ольга', 'Шведова', 'Феодосьевна', '1981-12-12', '4852 252847');
insert into project.passengers values (1154, 'Игнат', 'Серых', 'Германович', '1983-11-27', '4369 654342');
insert into project.passengers values (1155, 'Филипп', 'Любов', 'Панкратович', '1968-02-06', '4683 351644');
insert into project.passengers values (1156, 'Антон', 'Пондяков', 'Петрович', '1995-05-19', '4548 626122');
insert into project.passengers values (1157, 'Алина', 'Карбаинова', 'Панкратовна', '1980-06-22', '4455 167852');
insert into project.passengers values (1158, 'Леонид', 'Яимов', 'Тимофеевич', '1974-01-21', '4326 282073');
insert into project.passengers values (1159, 'Афанасия', 'Гурьянова', 'Георгьевна', '1966-10-16', '4970 170508');
insert into project.passengers values (1160, 'Марина', 'Ямбушева', 'Николаевна', '1977-11-05', '4434 876556');
insert into project.passengers values (1161, 'Ефрем', 'Гришкин', 'Панкратович', '1976-09-09', '4139 150815');
insert into project.passengers values (1162, 'Василий', 'Шалимов', 'Давидович', '1986-05-24', '4262 621391');
insert into project.passengers values (1163, 'Катерина', 'Суслова', 'Семеновна', '1967-06-14', '4468 275329');
insert into project.passengers values (1164, 'Валерия', 'Никанорова', 'Григорьевна', '1987-04-03', '4670 403400');
insert into project.passengers values (1165, 'Любовь', 'Кобонова', 'Макаровна', '1972-01-03', '4222 470632');
insert into project.passengers values (1166, 'Светлана', 'Шипицина', 'Тимофеевна', '1986-08-11', '4131 805747');
insert into project.passengers values (1167, 'Вера', 'Котяша', 'Давидовна', '1962-04-18', '4353 321961');
insert into project.passengers values (1168, 'Алексей', 'Дудинов', 'Тимофеевич', '1968-08-11', '4316 413407');
insert into project.passengers values (1169, 'Егор', 'Пузаков', 'Филиппович', '1989-04-10', '4525 653104');
insert into project.passengers values (1170, 'Федор', 'Кузькин', 'Константинович', '1972-02-28', '4322 676624');
insert into project.passengers values (1171, 'Анфиса', 'Ясевича', 'Прохор', '1974-08-19', '4224 833643');
insert into project.passengers values (1172, 'Серафима', 'Мирсиянова', 'Ефимовна', '1968-02-14', '4997 560575');
insert into project.passengers values (1173, 'Ева', 'Таушева', 'Прохоровна', '1986-12-05', '4681 874446');
insert into project.passengers values (1174, 'Антонина', 'Дорохова', 'Васильевна', '1990-08-25', '4078 305794');
insert into project.passengers values (1175, 'Ульяна', 'Жидкова', 'Данииловна', '1984-12-25', '4037 393919');
insert into project.passengers values (1176, 'Ирина', 'Яшенкина', 'Денисовна', '1962-08-26', '4264 716208');
insert into project.passengers values (1177, 'Давид', 'Ячевский', 'Дмитриевич', '1972-11-26', '4881 693935');
insert into project.passengers values (1178, 'Валерий', 'Лившиц', 'Евгеньевич', '1983-02-03', '4345 827105');
insert into project.passengers values (1179, 'Вероника', 'Кочкорбаева', 'Прокловна', '1986-01-24', '4172 477094');
insert into project.passengers values (1180, 'Алла', 'Зыкова', 'Адамовна', '1982-05-03', '4819 819751');
insert into project.passengers values (1181, 'Татьяна', 'Максимова', 'Макаровна', '1974-05-26', '4798 871933');
insert into project.passengers values (1182, 'Роман', 'Ященко', 'Прохорович', '1976-12-05', '4829 418488');
insert into project.passengers values (1183, 'Кирилл', 'Летов', 'Сергеевич', '1982-03-03', '4583 544770');
insert into project.passengers values (1184, 'Валерий', 'Механтьев', 'Кириллович', '1992-02-14', '4914 298160');
insert into project.passengers values (1185, 'Любовь', 'Набиуллина', 'Серафимовна', '1967-10-11', '4476 365261');
insert into project.passengers values (1186, 'Савва', 'Бугаев', 'Саввеевич', '1961-10-10', '4962 819762');
insert into project.passengers values (1187, 'Афанасий', 'Мигунов', 'Германович', '1971-06-05', '4352 707069');
insert into project.passengers values (1188, 'Роман', 'Кукушкин', 'Леонидович', '1989-04-15', '4513 828159');
insert into project.passengers values (1189, 'Аполлинария', 'Куклина', 'Степановна', '1977-09-13', '4427 143177');
insert into project.passengers values (1190, 'Яков', 'Цуцких', 'Антонович', '1967-09-21', '4993 795328');
insert into project.passengers values (1191, 'Лев', 'Колобков', 'Кириллович', '1965-01-19', '4449 897982');
insert into project.passengers values (1192, 'Афанасий', 'Винокуров', 'Феоктистович', '1977-01-27', '4821 348697');
insert into project.passengers values (1193, 'Василиса', 'Маринина', 'Ивановна', '1983-07-10', '4327 392910');
insert into project.passengers values (1194, 'Захар', 'Кумовьев', 'Даниилович', '1981-02-14', '4585 799319');
insert into project.passengers values (1195, 'Зоя', 'Быстрова', 'Романовна', '1980-05-23', '4228 593211');
insert into project.passengers values (1196, 'Анастасия', 'Зубарева', 'Аркадьевна', '1971-04-17', '4834 910253');
insert into project.passengers values (1197, 'Юлиана', 'Соболева', 'Порфнрьевна', '1980-11-27', '4121 703433');
insert into project.passengers values (1198, 'Александра', 'Терехова', 'Феоктистовна', '1995-10-12', '4113 244005');
insert into project.passengers values (1199, 'Степан', 'Каретников', 'Феоктистович', '1995-12-13', '4437 718209');
insert into project.passengers values (1200, 'Рада', 'Эзрина', 'Степановна', '1996-01-22', '4519 876777');
insert into project.passengers values (1201, 'Карина', 'Ревякина', 'Лаврентьевна', '1975-01-11', '4247 574566');
insert into project.passengers values (1202, 'Алиса', 'Смирновская', 'Захаровна', '1980-01-04', '4858 582655');
insert into project.passengers values (1203, 'Ульяна', 'Игнатенкова', 'Антоновна', '1984-03-07', '4059 790897');
insert into project.passengers values (1204, 'Адам', 'Немцев', 'Арсеньевич', '1965-02-18', '4131 734163');
insert into project.passengers values (1205, 'Денис', 'Куклачёв', 'Максимович', '1995-08-20', '4189 945357');
insert into project.passengers values (1206, 'Валерия', 'Абалихина', 'Ипполитовна', '1994-02-17', '4651 570093');
insert into project.passengers values (1207, 'Евгений', 'Валевач', 'Валерьевич', '1990-07-01', '4395 252272');
insert into project.passengers values (1208, 'Тимофей', 'Марков', 'Ильич', '1990-10-10', '4944 842261');
insert into project.passengers values (1209, 'Валерий', 'Беляков', 'Антонрвич', '1962-07-07', '4189 525962');
insert into project.passengers values (1210, 'Анна', 'Шульц', 'Феодосьевна', '1973-11-28', '4440 467888');
insert into project.passengers values (1211, 'Кирилл', 'Ловзанский', 'Михаилович', '1965-04-28', '4173 472418');
insert into project.passengers values (1212, 'Пелагея', 'Тукай', 'Юлиановна', '1964-10-11', '4115 382921');
insert into project.passengers values (1213, 'Евгения', 'Свалова', 'Витальевна', '1995-04-16', '4379 866754');
insert into project.passengers values (1214, 'Дарья', 'Каткова', 'Наумовна', '1986-02-12', '4385 951155');
insert into project.passengers values (1215, 'Севастьян', 'Ермишин', 'Георгиевич', '1961-08-11', '4722 989872');
insert into project.passengers values (1216, 'Федор', 'Холопов', 'Юрьевич', '1982-10-14', '4322 420844');
insert into project.passengers values (1217, 'Тимофей', 'Бабанов', 'Прохорович', '1983-07-19', '4324 473518');
insert into project.passengers values (1218, 'Серафима', 'Делова', 'Леонидовна', '1979-07-20', '4693 279545');
insert into project.passengers values (1219, 'Артем', 'Рябец', 'Валентинович', '1961-12-17', '4284 723648');
insert into project.passengers values (1220, 'Лаврентий', 'Изотов', 'Власович', '1980-04-17', '4081 187300');
insert into project.passengers values (1221, 'Ксения', 'Казанец', 'Севастьяновна', '1967-09-14', '4560 687182');
insert into project.passengers values (1222, 'Таисия', 'Ибрагимова', 'Филипповна', '1995-02-22', '4976 610822');
insert into project.passengers values (1223, 'Лидия', 'Котенко', 'Давидович', '1974-01-03', '4870 896558');
insert into project.passengers values (1224, 'Карина', 'Битнера', 'Валерьевна', '1982-11-27', '4163 257768');
insert into project.passengers values (1225, 'Галина', 'Помелова', 'Никандровна', '1994-01-26', '4639 578063');
insert into project.passengers values (1226, 'Арсений', 'Мятлев', 'Валентинович', '1960-09-06', '4753 135831');
insert into project.passengers values (1227, 'Василий', 'Мамыкин', 'Семенович', '1992-04-14', '4382 221092');
insert into project.passengers values (1228, 'Феликс', 'Чуринов', 'Акимович', '1968-09-01', '4749 415926');
insert into project.passengers values (1229, 'Анастасия', 'Ященко', 'Ильиновна', '1993-08-04', '4134 508602');
insert into project.passengers values (1230, 'Ева', 'Угличинина', 'Прохоровна', '1963-05-23', '4045 953244');
insert into project.passengers values (1231, 'Анжела', 'Хлебова', 'Никифоровна', '1966-07-21', '4024 742667');
insert into project.passengers values (1232, 'Арсений', 'Борхес', 'Прокопьевич', '1977-01-15', '4079 911497');
insert into project.passengers values (1233, 'Клара', 'Верица', 'Антоновна', '1962-04-18', '4884 722792');
insert into project.passengers values (1234, 'Максим', 'Янин', 'Кириллович', '1993-10-19', '4589 388852');
insert into project.passengers values (1235, 'Герман', 'Щербаков', 'Власович', '1965-12-18', '4936 143266');
insert into project.passengers values (1236, 'Макар', 'Чемерис', 'Васильевич', '1986-07-25', '4378 470055');
insert into project.passengers values (1237, 'Валентин', 'Пережогин', 'Никифорович', '1993-12-12', '4429 405448');
insert into project.passengers values (1238, 'Георгий', 'Лисицын', 'Тимофеевич', '1982-11-08', '4920 419471');
insert into project.passengers values (1239, 'Людмила', 'Эфирова', 'Игнатевна', '1976-02-26', '4180 575054');
insert into project.passengers values (1240, 'Леонтий', 'Дубков', 'Ефимович', '1993-11-01', '4020 580778');
insert into project.passengers values (1241, 'Егор', 'Овечкин', 'Георгиевич', '1983-05-09', '4372 283907');
insert into project.passengers values (1242, 'Серафим', 'Крак', 'Ильич', '1965-09-16', '4961 707753');
insert into project.passengers values (1243, 'Феликс', 'Канунников', 'Никифорович', '1970-01-13', '4421 571156');
insert into project.passengers values (1244, 'Прохор', 'Дворников', 'Константинович', '1973-09-06', '4869 273887');
insert into project.passengers values (1245, 'Петр', 'Столяров', 'Всеволодович', '1993-06-18', '4697 194551');
insert into project.passengers values (1246, 'Никита', 'Борисов', 'Павлович', '1963-06-27', '4923 516727');
insert into project.passengers values (1247, 'Артем', 'Дагин', 'Антонович', '1973-03-20', '4398 638549');
insert into project.passengers values (1248, 'Семен', 'Щеткин', 'Трофимович', '1991-04-14', '4062 536158');
insert into project.passengers values (1249, 'Лаврентий', 'Сиянских', 'Федотович', '1976-02-03', '4360 996308');
insert into project.passengers values (1250, 'Клара', 'Эскина', 'Павловна', '1967-07-25', '4347 948586');
insert into project.passengers values (1251, 'Валерий', 'Шурупов', 'Леонидович', '1966-04-25', '4449 892862');
insert into project.passengers values (1252, 'Пелагея', 'Рудавина', 'Степановна', '1979-06-23', '4870 261552');
insert into project.passengers values (1253, 'Анастасия', 'Нусинова', 'Даниловна', '1968-01-19', '4724 744635');
insert into project.passengers values (1254, 'Нонна', 'Скрябина', 'Семеновна', '1994-07-05', '4524 656453');
insert into project.passengers values (1255, 'Никифор', 'Рогов', 'Степанович', '1994-11-08', '4473 326513');
insert into project.passengers values (1256, 'Аполлинария', 'Каблукова', 'Герасимовна', '1969-06-12', '4662 152843');
insert into project.passengers values (1257, 'Александр', 'Костюк', 'Кириллович', '1982-07-09', '4326 270387');
insert into project.passengers values (1258, 'Аркадий', 'Опринчук', 'Львович', '1986-03-01', '4556 674161');
insert into project.passengers values (1259, 'Давид', 'Царицын', 'Всеволодович', '1983-05-07', '4929 188395');
insert into project.passengers values (1260, 'Лариса', 'Котова', 'Лаврентьевна', '1960-10-24', '4857 268323');
insert into project.passengers values (1261, 'Екатерина', 'Муратова', 'Григориевна', '1990-06-24', '4239 332757');
insert into project.passengers values (1262, 'Петр', 'Михайличенко', 'Филиппович', '1984-03-09', '4861 495232');
insert into project.passengers values (1263, 'Серафима', 'Галдина', 'Ефимовна', '1984-01-02', '4580 511257');
insert into project.passengers values (1264, 'Пелагея', 'Гершельмана', 'Максимовна', '1970-01-06', '4896 963042');
insert into project.passengers values (1265, 'Анна', 'Можаева', 'Венедиктовна', '1967-10-15', '4830 405950');
insert into project.passengers values (1266, 'Гавриил', 'Хабалов', 'Валерьевич', '1966-01-20', '4296 831176');
insert into project.passengers values (1267, 'Анастасия', 'Бурдакова', 'Юрьевна', '1970-05-16', '4695 841860');
insert into project.passengers values (1268, 'Петр', 'Гусев', 'Елизарович', '1960-07-26', '4973 411399');
insert into project.passengers values (1269, 'Алла', 'Косицкая', 'Панкратовна', '1986-10-13', '4634 853388');
insert into project.passengers values (1270, 'Иван', 'Невский', 'Кириллович', '1992-11-09', '4720 224053');
insert into project.passengers values (1271, 'Григорий', 'Нырцев', 'Яковлевич', '1967-02-01', '4281 950945');
insert into project.passengers values (1272, 'Павел', 'Халипов', 'Филиппович', '1993-05-01', '4330 845329');
insert into project.passengers values (1273, 'Марьямна', 'Жиганова', 'Захаровна', '1989-06-21', '4494 546257');
insert into project.passengers values (1274, 'Валентин', 'Лагранский', 'Трофимович', '1972-08-12', '4875 333689');
insert into project.passengers values (1275, 'Валерия', 'Прокашева', 'Акимовна', '1990-06-01', '4432 844632');
insert into project.passengers values (1276, 'Анфиса', 'Ижутина', 'Степановна', '1995-10-24', '4725 485312');
insert into project.passengers values (1277, 'Иван', 'Ли', 'Евгеньевич', '1994-11-22', '4012 668285');
insert into project.passengers values (1278, 'Марфа', 'Розенбаха', 'Якововна', '1965-01-06', '4018 173060');
insert into project.passengers values (1279, 'Алина', 'Маслака', 'Наумовна', '1977-08-03', '4995 585855');
insert into project.passengers values (1280, 'Александра', 'Логутенко', 'Ильиновна', '1976-09-04', '4788 101860');
insert into project.passengers values (1281, 'Феликс', 'Кощеев', 'Елизарович', '1976-11-19', '4772 952170');
insert into project.passengers values (1282, 'Оксана', 'Березовская', 'Григориевна', '1978-06-14', '4088 408126');
insert into project.passengers values (1283, 'Вениамин', 'Ванзин', 'Иванович', '1966-01-20', '4393 939342');
insert into project.passengers values (1284, 'Трофим', 'Рожков', 'Максимович', '1962-09-17', '4737 482460');
insert into project.passengers values (1285, 'Валентина', 'Яранова', 'Севастьяновна', '1962-10-26', '4867 787643');
insert into project.passengers values (1286, 'Павел', 'Фастер', 'Всеволодович', '1961-10-15', '4738 455692');
insert into project.passengers values (1287, 'Константин', 'Усилов', 'Вячеславович', '1976-09-06', '4529 704924');
insert into project.passengers values (1288, 'Аполлинария', 'Веселовская', 'Алексеевна', '1972-07-17', '4082 960315');
insert into project.passengers values (1289, 'Ефим', 'Долженко', 'Константинович', '1990-07-26', '4179 756595');
insert into project.passengers values (1290, 'Наталия', 'Рюрикова', 'Викторовна', '1974-03-02', '4967 733486');
insert into project.passengers values (1291, 'Игнат', 'Шкуратов', 'Антонович', '1993-09-16', '4630 556891');
insert into project.passengers values (1292, 'Макар', 'Щеголихин', 'Яковлевич', '1984-05-05', '4613 147143');
insert into project.passengers values (1293, 'Галина', 'Ожогина', 'Егоровна', '1992-12-11', '4792 711154');
insert into project.passengers values (1294, 'Гавриил', 'Суворин', 'Савванович', '1961-11-09', '4628 796304');
insert into project.passengers values (1295, 'Аркадий', 'Якушин', 'Яковлевич', '1961-03-18', '4710 994171');
insert into project.passengers values (1296, 'Полина', 'Канаш', 'Кузьминовна', '1977-07-17', '4010 438772');
insert into project.passengers values (1297, 'Константин', 'Остроумов', 'Васильевич', '1963-11-12', '4838 748001');
insert into project.passengers values (1298, 'Аполлинария', 'Ерастова', 'Григорьевна', '1980-04-12', '4235 547588');
insert into project.passengers values (1299, 'Илья', 'Васильевых', 'Константинович', '1988-01-08', '4716 394491');
insert into project.passengers values (1300, 'Арсений', 'Ярославов', 'Петрович', '1982-10-08', '4836 622634');
insert into project.passengers values (1301, 'Алексей', 'Шеляпин', 'Власович', '1963-05-16', '4759 295082');
insert into project.passengers values (1302, 'Полина', 'Бессуднова', 'Лукьяновна', '1986-08-06', '4319 303718');
insert into project.passengers values (1303, 'Таисия', 'Караулина', 'Ильиновна', '1960-09-04', '4282 964455');
insert into project.passengers values (1304, 'Федор', 'Якунов', 'Даниилович', '1976-11-14', '4225 518130');
insert into project.passengers values (1305, 'Клавдия', 'Катрановская', 'Филипповна', '1988-03-22', '4054 302559');
insert into project.passengers values (1306, 'Павел', 'Карташёв', 'Сергеевич', '1983-08-12', '4278 238458');
insert into project.passengers values (1307, 'Афанасий', 'Капитанчук', 'Евгеньевич', '1970-09-16', '4356 117633');
insert into project.passengers values (1308, 'Леонтий', 'Рощин', 'Витальевич', '1974-06-25', '4947 168174');
insert into project.passengers values (1309, 'Гавриил', 'Ясенков', 'Германович', '1982-12-13', '4133 829577');
insert into project.passengers values (1310, 'Нина', 'Ябловская', 'Вениаминовна', '1977-01-22', '4485 149530');
insert into project.passengers values (1311, 'Сергей', 'Хуртин', 'Ефимович', '1990-02-13', '4574 926897');
insert into project.passengers values (1312, 'Антон', 'Каде', 'Павлович', '1988-02-09', '4069 712010');
insert into project.passengers values (1313, 'Евгений', 'Иньков', 'Феодосивич', '1976-01-08', '4566 153780');
insert into project.passengers values (1314, 'Маргарита', 'Рейслер', 'Себастьяновна', '1984-02-11', '4581 565823');
insert into project.passengers values (1315, 'Ярослава', 'Сереброва', 'Ивановна', '1976-10-15', '4879 204368');
insert into project.passengers values (1316, 'Лаврентий', 'Пугин', 'Семенович', '1965-06-15', '4547 363622');
insert into project.passengers values (1317, 'Никита', 'Полынов', 'Иннокентиевич', '1962-06-04', '4731 223842');
insert into project.passengers values (1318, 'Леонтий', 'Жаркин', 'Федорович', '1975-03-01', '4277 105129');
insert into project.passengers values (1319, 'Александр', 'Сай', 'Васильевич', '1967-09-24', '4133 551851');
insert into project.passengers values (1320, 'Полина', 'Ханилова', 'Федоровна', '1985-12-28', '4165 440782');
insert into project.passengers values (1321, 'Макар', 'Бычков', 'Васильевич', '1971-01-06', '4026 180708');
insert into project.passengers values (1322, 'Игнатий', 'Шалимов', 'Константинович', '1996-01-09', '4968 228106');
insert into project.passengers values (1323, 'Лана', 'Бабикова', 'Викторовна', '1993-03-01', '4427 610097');
insert into project.passengers values (1324, 'Василий', 'Кораблёв', 'Порфирьевич', '1974-03-06', '4149 666005');
insert into project.passengers values (1325, 'Марфа', 'Яхимовича', 'Феодосьевна', '1981-07-14', '4314 206257');
insert into project.passengers values (1326, 'Юрий', 'Пушной', 'Максимович', '1983-04-11', '4067 201382');
insert into project.passengers values (1327, 'Лаврентий', 'Попов', 'Артемович', '1990-03-03', '4834 631385');
insert into project.passengers values (1328, 'Галина', 'Беломестнова', 'Фадеевна', '1995-12-23', '4592 749116');
insert into project.passengers values (1329, 'Макар', 'Ивашев', 'Константинович', '1973-11-07', '4655 721687');
insert into project.passengers values (1330, 'Клавдия', 'Пищикова', 'Акимовна', '1983-02-05', '4866 214759');
insert into project.passengers values (1331, 'Василий', 'Толкачев', 'Степанович', '1995-03-17', '4340 546154');
insert into project.passengers values (1332, 'Римма', 'Шамова', 'Феоктистовна', '1961-07-28', '4291 768270');
insert into project.passengers values (1333, 'Ефим', 'Осминин', 'Николаевич', '1962-03-04', '4963 149079');
insert into project.passengers values (1334, 'Мария', 'Эльмпта', 'Якововна', '1975-08-11', '4377 502471');
insert into project.passengers values (1335, 'Петр', 'Лапин', 'Алексеевич', '1988-11-12', '4398 792180');
insert into project.passengers values (1336, 'Ирина', 'Шатохина', 'Николаевна', '1979-08-14', '4135 672310');
insert into project.passengers values (1337, 'Максим', 'Палюлин', 'Артемович', '1985-12-25', '4422 258676');
insert into project.passengers values (1338, 'Марьямна', 'Мамыкина', 'Ефимовна', '1971-12-22', '4324 858554');
insert into project.passengers values (1339, 'Максим', 'Суханов', 'Трофимович', '1993-01-24', '4493 482391');
insert into project.passengers values (1340, 'Марина', 'Ельченко', 'Марковна', '1984-09-17', '4437 400715');
insert into project.passengers values (1341, 'Альбина', 'Крака', 'Захаровна', '1970-07-01', '4070 641731');
insert into project.passengers values (1342, 'Настасья', 'Карявина', 'Юлиановна', '1983-11-04', '4342 973862');
insert into project.passengers values (1343, 'Аполлинария', 'Набутова', 'Геннадьевна', '1960-07-02', '4983 774010');
insert into project.passengers values (1344, 'Савва', 'Бухало', 'Артемович', '1968-05-06', '4323 679716');
insert into project.passengers values (1345, 'Вероника', 'Варенникова', 'Акимовна', '1973-12-09', '4133 237704');
insert into project.passengers values (1346, 'Филипп', 'Хованский', 'Ефимович', '1982-05-18', '4032 390782');
insert into project.passengers values (1347, 'Ульяна', 'Ястржембская', 'Власовна', '1971-07-13', '4980 501116');
insert into project.passengers values (1348, 'Таисия', 'Верясова', 'Данииловна', '1960-01-04', '4330 178884');
insert into project.passengers values (1349, 'Вячеслав', 'Аспидов', 'Маркович', '1991-10-03', '4289 387142');
insert into project.passengers values (1350, 'Людмила', 'Якшибаева', 'Лукьяновна', '1968-12-15', '4213 591071');
insert into project.passengers values (1351, 'Савва', 'Ковалевский', 'Никифорович', '1972-10-17', '4674 676442');
insert into project.passengers values (1352, 'Петр', 'Колвецкий', 'Евгениевич', '1988-03-08', '4889 202053');
insert into project.passengers values (1353, 'Анна', 'Заболотная', 'Николаевна', '1973-06-24', '4019 970376');
insert into project.passengers values (1354, 'Аркадий', 'Меншиков', 'Серафимович', '1985-05-07', '4861 718574');
insert into project.passengers values (1355, 'Леонтий', 'Шевелёк', 'Арсеньевич', '1965-11-19', '4464 149124');
insert into project.passengers values (1356, 'Дарья', 'Гнездилова', 'Антоновна', '1962-06-08', '4674 923997');
insert into project.passengers values (1357, 'Феликс', 'Шангин', 'Федорович', '1989-06-10', '4735 971667');
insert into project.passengers values (1358, 'Сюзанна', 'Собчак', 'Кирилловна', '1965-09-11', '4410 238949');
insert into project.passengers values (1359, 'Павел', 'Ануфриев', 'Яковлевич', '1984-01-05', '4880 515387');
insert into project.passengers values (1360, 'Серафима', 'Яйцева', 'Валентиновна', '1994-06-13', '4524 369405');
insert into project.passengers values (1361, 'Екатерина', 'Квитко', 'Ефимовна', '1988-08-23', '4596 930006');
insert into project.passengers values (1362, 'Валентин', 'Чемоданов', 'Прокльев', '1969-08-18', '4172 615802');
insert into project.passengers values (1363, 'Ника', 'Сеченова', 'Юлиановна', '1965-12-09', '4036 274778');
insert into project.passengers values (1364, 'Валентин', 'Шерков', 'Витальевич', '1960-11-14', '4298 314555');
insert into project.passengers values (1365, 'Татьяна', 'Уржумцева', 'Павловна', '1986-11-20', '4478 149360');
insert into project.passengers values (1366, 'Антонина', 'Шипицына', 'Давидович', '1965-04-22', '4642 560578');
insert into project.passengers values (1367, 'Аполлинария', 'Чичеринова', 'Давидовна', '1972-08-16', '4955 650403');
insert into project.passengers values (1368, 'Ксения', 'Королева', 'Фадеевна', '1993-07-20', '4170 214031');
insert into project.passengers values (1369, 'Рада', 'Яркина', 'Трофимовна', '1964-02-18', '4312 196488');
insert into project.passengers values (1370, 'Семен', 'Бузыцков', 'Макарович', '1962-04-03', '4836 415960');
insert into project.passengers values (1371, 'Тимофей', 'Мирзoян', 'Юрьевич', '1976-12-17', '4512 138532');
insert into project.passengers values (1372, 'Антон', 'Толбоев', 'Игнатьевич', '1987-02-06', '4236 827520');
insert into project.passengers values (1373, 'Катерина', 'Янсона', 'Давидовна', '1966-03-07', '4550 289444');
insert into project.passengers values (1374, 'Клавдия', 'Перминова', 'Адамовна', '1965-10-03', '4560 737643');
insert into project.passengers values (1375, 'Алина', 'Скоробогатова', 'Емельяновна', '1964-11-28', '4120 830109');
insert into project.passengers values (1376, 'Кирилл', 'Дуров', 'Егорович', '1995-05-15', '4112 942713');
insert into project.passengers values (1377, 'Ксения', 'Пищальникова', 'Трофимовна', '1984-03-06', '4326 375257');
insert into project.passengers values (1378, 'Зоя', 'Яковлева', 'Романовна', '1978-10-08', '4039 830063');
insert into project.passengers values (1379, 'Савва', 'Криштофич', 'Гаврннлович', '1968-02-10', '4955 903211');
insert into project.passengers values (1380, 'Антон', 'Сукачёв', 'Семенович', '1968-04-21', '4323 860767');
insert into project.passengers values (1381, 'Анфиса', 'Колобкова', 'Саввановна', '1973-01-01', '4228 367628');
insert into project.passengers values (1382, 'Степан', 'Дюженков', 'Антонович', '1979-02-28', '4779 262577');
insert into project.passengers values (1383, 'София', 'Богрова', 'Антоновна', '1966-01-24', '4191 561637');
insert into project.passengers values (1384, 'Трофим', 'Щербатых', 'Михаилович', '1988-10-06', '4969 826826');
insert into project.passengers values (1385, 'Галина', 'Созонтова', 'Васильевна', '1966-01-20', '4515 754875');
insert into project.passengers values (1386, 'Александра', 'Балахнова', 'Тарасовна', '1971-11-11', '4620 280145');
insert into project.passengers values (1387, 'Евгения', 'Мурогова', 'Михаиловна', '1968-11-17', '4353 522422');
insert into project.passengers values (1388, 'Евгения', 'Путинцева', 'Никитьевна', '1989-02-22', '4079 706414');
insert into project.passengers values (1389, 'Афанасий', 'Менде', 'Ильич', '1965-01-07', '4221 791666');
insert into project.passengers values (1390, 'Семен', 'Криштофич', 'Александрович', '1986-11-20', '4370 806940');
insert into project.passengers values (1391, 'Леонид', 'Виноградов', 'Леонтьевич', '1965-10-13', '4027 631636');
insert into project.passengers values (1392, 'Семен', 'Крамник', 'Саввеевич', '1969-10-14', '4215 698522');
insert into project.passengers values (1393, 'Константин', 'Ящин', 'Давидович', '1984-04-23', '4534 740924');
insert into project.passengers values (1394, 'Никита', 'Белибердиев', 'Валерьевич', '1980-11-19', '4664 869161');
insert into project.passengers values (1395, 'Ева', 'Гордеева', 'Федотовна', '1992-05-04', '4571 882875');
insert into project.passengers values (1396, 'Трофим', 'Кошкин', 'Аркадьевич', '1975-08-23', '4948 643735');
insert into project.passengers values (1397, 'Яков', 'Клюев', 'Даниилович', '1993-10-26', '4855 870992');
insert into project.passengers values (1398, 'Лидия', 'Михеева', 'Тимофеевна', '1963-07-07', '4983 466510');
insert into project.passengers values (1399, 'Анастасия', 'Живенкова', 'Ефимовна', '1967-01-27', '4161 306356');
insert into project.passengers values (1400, 'Яков', 'Якубов', 'Ильич', '1988-09-11', '4690 860720');
insert into project.passengers values (1401, 'Аркадий', 'Покровский', 'Серафимович', '1967-03-09', '4520 909064');
insert into project.passengers values (1402, 'Яков', 'Глебов', 'Никитьевич', '1994-09-04', '4788 808129');
insert into project.passengers values (1403, 'Семен', 'Крылов', 'Петрович', '1971-05-02', '4550 990569');
insert into project.passengers values (1404, 'Ефим', 'Мигунов', 'Ефимович', '1995-01-23', '4067 972106');
insert into project.passengers values (1405, 'Прохор', 'Юханцев', 'Афанасьевич', '1962-09-13', '4479 272078');
insert into project.passengers values (1406, 'Данила', 'Бочаров', 'Маркович', '1960-03-05', '4919 827716');
insert into project.passengers values (1407, 'Иван', 'Хренов', 'Тимофеевич', '1995-05-19', '4233 337965');
insert into project.passengers values (1408, 'Василий', 'Полтанов', 'Леонтьевич', '1989-06-01', '4010 791509');
insert into project.passengers values (1409, 'Егор', 'Ложкин', 'Антонович', '1963-03-21', '4755 908857');
insert into project.passengers values (1410, 'Антон', 'Никитаев', 'Федорович', '1982-06-12', '4137 982674');
insert into project.passengers values (1411, 'Елизавета', 'Сапожникова', 'Артемова', '1995-12-10', '4929 714531');
insert into project.passengers values (1412, 'Таисия', 'Собакова', 'Павловна', '1968-05-06', '4637 172832');
insert into project.passengers values (1413, 'Кира', 'Ожегова', 'Акимовна', '1964-05-13', '4426 548852');
insert into project.passengers values (1414, 'Афанасия', 'Васютина', 'Викторовна', '1965-05-25', '4222 393814');
insert into project.passengers values (1415, 'Александр', 'Иванцов', 'Валерьевич', '1962-04-14', '4139 362158');
insert into project.passengers values (1416, 'Раиса', 'Анисимова', 'Трофимовна', '1972-09-18', '4286 291767');
insert into project.passengers values (1417, 'Альбина', 'Бугакова', 'Вячеславовна', '1982-01-08', '4035 673506');
insert into project.passengers values (1418, 'Петр', 'Юферев', 'Кириллович', '1967-08-06', '4664 507798');
insert into project.passengers values (1419, 'Валерия', 'Щитта', 'Якововна', '1981-07-19', '4696 926529');
insert into project.passengers values (1420, 'Никифор', 'Хейчеев', 'Юрьевич', '1994-12-09', '4735 423271');
insert into project.passengers values (1421, 'Кирилл', 'Абоимов', 'Васильевич', '1978-11-10', '4750 887366');
insert into project.passengers values (1422, 'Карина', 'Садкова', 'Георгьевна', '1962-05-13', '4030 283138');
insert into project.passengers values (1423, 'Галина', 'Илюшина', 'Васильевна', '1980-12-05', '4697 265750');
insert into project.passengers values (1424, 'Михаил', 'Шиловский', 'Леонидович', '1974-01-12', '4460 419548');
insert into project.passengers values (1425, 'Марина', 'Казанец', 'Ираклиевна', '1982-06-28', '4018 844697');
insert into project.passengers values (1426, 'Василий', 'Лопатин', 'Павлович', '1990-06-08', '4782 276708');
insert into project.passengers values (1427, 'Александр', 'Собчак', 'Александрович', '1995-01-01', '4619 955030');
insert into project.passengers values (1428, 'Ефим', 'Карпюк', 'Максимович', '1964-07-17', '4190 775212');
insert into project.passengers values (1429, 'Феликс', 'Потрепалов', 'Прохорович', '1983-10-26', '4078 378484');
insert into project.passengers values (1430, 'Василий', 'Семенов', 'Георгиевич', '1968-08-27', '4092 144698');
insert into project.passengers values (1431, 'Жанна', 'Белочкина', 'Арсеньевна', '1989-08-28', '4288 739808');
insert into project.passengers values (1432, 'Кира', 'Образцова', 'Марковна', '1985-05-13', '4712 872606');
insert into project.passengers values (1433, 'Никита', 'Курчатов', 'Саввеевич', '1991-11-27', '4440 494728');
insert into project.passengers values (1434, 'Никита', 'Суружу', 'Георгиевич', '1968-02-09', '4285 640032');
insert into project.passengers values (1435, 'Юлиан', 'Авдиенко', 'Леонидович', '1996-04-23', '4318 189256');
insert into project.passengers values (1436, 'Филипп', 'Уржумцев', 'Сергеевич', '1973-12-02', '4164 719411');
insert into project.passengers values (1437, 'Катерина', 'Пушкарёва', 'Павловна', '1962-06-21', '4669 488502');
insert into project.passengers values (1438, 'Ярослава', 'Яворская', 'Валентиновна', '1963-08-10', '4963 716087');
insert into project.passengers values (1439, 'Татьяна', 'Зимина', 'Нифонтовна', '1972-11-10', '4845 541362');
insert into project.passengers values (1440, 'Валентина', 'Дешевых', 'Георгьевна', '1961-02-24', '4432 904787');
insert into project.passengers values (1441, 'Степан', 'Шабанов', 'Саввеевич', '1992-12-28', '4557 402212');
insert into project.passengers values (1442, 'Марина', 'Астрединова', 'Юрьевна', '1980-01-01', '4635 941861');
insert into project.passengers values (1443, 'Юрий', 'Голумбовский', 'Петрович', '1972-09-03', '4270 843239');
insert into project.passengers values (1444, 'Анастасия', 'Салагина', 'Данииловна', '1980-04-12', '4215 290713');
insert into project.passengers values (1445, 'Алина', 'Новикова', 'Данииловна', '1995-09-08', '4315 668916');
insert into project.passengers values (1446, 'Герасим', 'Оскорбин', 'Маркович', '1985-03-11', '4148 550352');
insert into project.passengers values (1447, 'Ева', 'Бруевича', 'Себастьяновна', '1969-03-06', '4947 680976');
insert into project.passengers values (1448, 'Марианна', 'Жичкина', 'Валентиновна', '1962-03-03', '4559 787408');
insert into project.passengers values (1449, 'Клавдия', 'Лапухова', 'Викторовна', '1982-02-08', '4453 133008');
insert into project.passengers values (1450, 'Василий', 'Тимиряев', 'Никифорович', '1989-08-25', '4535 366540');
insert into project.passengers values (1451, 'Иннокентий', 'Борзилов', 'Евгениевич', '1962-04-26', '4756 340028');
insert into project.passengers values (1452, 'Светлана', 'Евремович', 'Сергеевна', '1993-01-19', '4012 303774');
insert into project.passengers values (1453, 'Алена', 'Кондратьева', 'Якововна', '1975-05-12', '4734 456093');
insert into project.passengers values (1454, 'Зинаида', 'Коновалова', 'Тимофеевна', '1983-11-26', '4774 489308');
insert into project.passengers values (1455, 'Валентин', 'Чернов', 'Иванович', '1974-04-15', '4736 856613');
insert into project.passengers values (1456, 'Арина', 'Ярмольника', 'Валентиновна', '1967-01-16', '4689 365461');
insert into project.passengers values (1457, 'Марина', 'Шурупова', 'Захаровна', '1985-04-24', '4361 393094');
insert into project.passengers values (1458, 'Аполлинария', 'Сухих', 'Ивановна', '1983-01-09', '4085 954177');
insert into project.passengers values (1459, 'София', 'Караваева', 'Макаровна', '1970-05-04', '4519 624239');
insert into project.passengers values (1460, 'Игнат', 'Яшагин', 'Кузьмич', '1996-10-19', '4761 729176');
insert into project.passengers values (1461, 'Геннадий', 'Кулагинский', 'Прокльев', '1990-02-21', '4720 859225');
insert into project.passengers values (1462, 'Григорий', 'Ясин', 'Михаилович', '1972-11-22', '4129 517991');
insert into project.passengers values (1463, 'Елизавета', 'Кудрявцева', 'Герасимовна', '1991-01-10', '4356 299209');
insert into project.passengers values (1464, 'Никита', 'Бармыкин', 'Прохорович', '1985-11-12', '4667 423677');
insert into project.passengers values (1465, 'Михаил', 'Сизый', 'Игнатьевич', '1987-09-25', '4820 711989');
insert into project.passengers values (1466, 'Анжела', 'Краснобаева', 'Семеновна', '1971-03-16', '4510 961843');
insert into project.passengers values (1467, 'Макар', 'Митькин', 'Феоктистович', '1983-08-11', '4639 874216');
insert into project.passengers values (1468, 'Оксана', 'Гаголина', 'Елизаровна', '1978-03-22', '4737 314836');
insert into project.passengers values (1469, 'Полина', 'Суворина', 'Ивановна', '1969-07-01', '4745 404040');
insert into project.passengers values (1470, 'Варвара', 'Хромченко', 'Григорьевна', '1989-10-20', '4653 583523');
insert into project.passengers values (1471, 'Алена', 'Керимбаева', 'Павловна', '1961-12-05', '4715 524331');
insert into project.passengers values (1472, 'Римма', 'Янкилович', 'Давидовна', '1968-02-16', '4728 715494');
insert into project.passengers values (1473, 'Валентин', 'Суслов', 'Витальевич', '1973-06-04', '4567 459226');
insert into project.passengers values (1474, 'Сергей', 'Рудин', 'Саввеевич', '1982-10-02', '4371 812159');
insert into project.passengers values (1475, 'Клавдия', 'Берёзкина', 'Ефимовна', '1992-05-22', '4330 812391');
insert into project.passengers values (1476, 'Пелагея', 'Левина', 'Константиновна', '1980-12-20', '4327 538972');
insert into project.passengers values (1477, 'Анжела', 'Сиянина', 'Федоровна', '1964-03-12', '4523 801785');
insert into project.passengers values (1478, 'Елена', 'Чечёткина', 'Феоктистовна', '1961-01-21', '4159 523945');
insert into project.passengers values (1479, 'Марина', 'Осинцева', 'Порфнрьевна', '1995-12-07', '4790 680902');
insert into project.passengers values (1480, 'Инна', 'Богоносцева', 'Кирилловна', '1971-04-10', '4816 976282');
insert into project.passengers values (1481, 'Кирилл', 'Караев', 'Севастьянович', '1994-04-25', '4132 360700');
insert into project.passengers values (1482, 'Леонтий', 'Андропов', 'Афанасьевич', '1975-08-15', '4128 988750');
insert into project.passengers values (1483, 'Юлия', 'Ярошевич', 'Константиновна', '1963-01-27', '4490 479811');
insert into project.passengers values (1484, 'Павел', 'Клемент', 'Климентьевич', '1978-06-22', '4917 160440');
insert into project.passengers values (1485, 'Марианна', 'Сиянковская', 'Степановна', '1988-07-09', '4026 559584');
insert into project.passengers values (1486, 'Нонна', 'Фонвизина', 'Тарасовна', '1965-02-06', '4220 479605');
insert into project.passengers values (1487, 'Любовь', 'Шаталова', 'Витальевна', '1970-03-22', '4543 829940');
insert into project.passengers values (1488, 'Серафима', 'Брязгина', 'Георгьевна', '1991-06-09', '4945 782977');
insert into project.passengers values (1489, 'Екатерина', 'Пичушкина', 'Наумовна', '1989-08-12', '4828 677210');
insert into project.passengers values (1490, 'Денис', 'Логутенко', 'Константинович', '1971-06-14', '4166 499648');
insert into project.passengers values (1491, 'Серафима', 'Аничкова', 'Ильишна', '1984-09-19', '4762 623461');
insert into project.passengers values (1492, 'Семен', 'Махнер', 'Захарович', '1963-01-26', '4347 372426');
insert into project.passengers values (1493, 'Рада', 'Ермолаева', 'Семеновна', '1978-05-15', '4594 446667');
insert into project.passengers values (1494, 'Валерий', 'Кочинян', 'Гаврннлович', '1968-04-14', '4065 982351');
insert into project.passengers values (1495, 'Маргарита', 'Поджио', 'Георгьевна', '1992-07-09', '4343 294718');
insert into project.passengers values (1496, 'Любовь', 'Сурикова', 'Филипповна', '1984-11-03', '4613 943709');
insert into project.passengers values (1497, 'Леонтий', 'Калашников', 'Савванович', '1965-10-20', '4769 420166');
insert into project.passengers values (1498, 'Анжела', 'Норина', 'Феоктистовна', '1961-11-01', '4719 512010');
insert into project.passengers values (1499, 'Анастасия', 'Мышкина', 'Венедиктовна', '1988-05-19', '4543 592534');
insert into project.passengers values (1500, 'Марина', 'Рейслера', 'Васильевна', '1963-09-19', '4266 958506');
insert into project.passengers values (1501, 'Ксения', 'Сигачёва', 'Герасимовна', '1961-06-01', '4769 912942');
insert into project.passengers values (1502, 'Трофим', 'Счастливцев', 'Давидович', '1977-05-12', '4166 281229');
insert into project.passengers values (1503, 'Карина', 'Бояринова', 'Якововна', '1993-07-22', '4642 437044');
insert into project.passengers values (1504, 'Арина', 'Балановская', 'Гермоновна', '1972-05-13', '4546 660100');
insert into project.passengers values (1505, 'Тимофей', 'Ельцин', 'Геннадьевич', '1988-04-18', '4456 462268');
insert into project.passengers values (1506, 'Тимофей', 'Никулин', 'Павлович', '1983-08-23', '4983 863360');
insert into project.passengers values (1507, 'Евгения', 'Захарова', 'Арсеньевна', '1962-04-11', '4437 691446');
insert into project.passengers values (1508, 'Маргарита', 'Васина', 'Витальевна', '1960-12-01', '4581 848859');
insert into project.passengers values (1509, 'Клавдия', 'Нагиева', 'Степановна', '1969-08-13', '4034 306008');
insert into project.passengers values (1510, 'Антонина', 'Полтанова', 'Лукьяновна', '1979-05-18', '4351 544643');
insert into project.passengers values (1511, 'Клавдия', 'Кондрат', 'Федотовна', '1994-08-21', '4167 417051');
insert into project.passengers values (1512, 'Валентина', 'Мамыкина', 'Ильишна', '1994-09-14', '4459 988619');
insert into project.passengers values (1513, 'Георгий', 'Шилов', 'Антонрвич', '1961-11-05', '4775 905566');
insert into project.passengers values (1514, 'Александр', 'Руснак', 'Власович', '1983-06-03', '4494 379511');
insert into project.passengers values (1515, 'Савва', 'Собчак', 'Аркадинович', '1973-02-13', '4230 320105');
insert into project.passengers values (1516, 'Анастасия', 'Кубланова', 'Романовна', '1983-10-03', '4430 961960');
insert into project.passengers values (1517, 'Егор', 'Фарест', 'Наумович', '1980-12-13', '4536 802859');
insert into project.passengers values (1518, 'Пелагея', 'Богданова', 'Аркадивна', '1974-03-01', '4017 322691');
insert into project.passengers values (1519, 'Антон', 'Аглеев', 'Трофимович', '1963-01-22', '4297 530125');
insert into project.passengers values (1520, 'Герман', 'Цыгвинцев', 'Кириллович', '1978-06-21', '4716 206906');
insert into project.passengers values (1521, 'Ника', 'Абумайлова', 'Никифоровна', '1990-05-22', '4378 784027');
insert into project.passengers values (1522, 'Анна', 'Икрамова', 'Леонтьевна', '1992-12-09', '4234 880867');
insert into project.passengers values (1523, 'Кирилл', 'Акчурин', 'Никандрович', '1964-01-26', '4992 842040');
insert into project.passengers values (1524, 'Степан', 'Левкович', 'Семенович', '1985-06-18', '4518 326515');
insert into project.passengers values (1525, 'Валентин', 'Бобров', 'Петрович', '1973-02-18', '4815 641131');
insert into project.passengers values (1526, 'Константин', 'Фоменков', 'Степанович', '1970-09-22', '4580 724849');
insert into project.passengers values (1527, 'Константин', 'Бакаринцев', 'Константинович', '1989-04-21', '4810 207767');
insert into project.passengers values (1528, 'Альбина', 'Сергеевич', 'Игнатьевна', '1964-04-06', '4840 902693');
insert into project.passengers values (1529, 'Евгений', 'Цвиленев', 'Ефремович', '1960-05-21', '4539 240537');
insert into project.passengers values (1530, 'Марина', 'Борева', 'Романовна', '1993-06-20', '4139 285164');
insert into project.passengers values (1531, 'Афанасия', 'Геремеш', 'Лльвона', '1961-09-01', '4016 587102');
insert into project.passengers values (1532, 'Максим', 'Панюшкин', 'Валентинович', '1961-03-10', '4492 161400');
insert into project.passengers values (1533, 'Емельян', 'Унгерн', 'Ильич', '1978-12-24', '4078 822127');
insert into project.passengers values (1534, 'Кира', 'Кручинкина', 'Герасимовна', '1989-04-01', '4752 593128');
insert into project.passengers values (1535, 'Карина', 'Эйлера', 'Викторовна', '1989-03-10', '4885 339417');
insert into project.passengers values (1536, 'Петр', 'Трындин', 'Панкратович', '1992-02-08', '4117 986744');
insert into project.passengers values (1537, 'Ольга', 'Бондарчука', 'Семеновна', '1980-07-16', '4958 477951');
insert into project.passengers values (1538, 'Ева', 'Бубнова', 'Павловна', '1991-05-25', '4670 788246');
insert into project.passengers values (1539, 'Зоя', 'Геремеш', 'Герасимовна', '1970-08-27', '4081 407264');
insert into project.passengers values (1540, 'Мария', 'Яфарова', 'Ипполитовна', '1975-01-01', '4556 817132');
insert into project.passengers values (1541, 'Адам', 'Гаголин', 'Семенович', '1965-07-27', '4428 921565');
insert into project.passengers values (1542, 'Клара', 'Мальцова', 'Павловна', '1994-08-25', '4312 230216');
insert into project.passengers values (1543, 'Алина', 'Хермана', 'Никитьевна', '1976-02-04', '4066 720770');
insert into project.passengers values (1544, 'Семен', 'Шихранов', 'Александрович', '1975-04-06', '4745 154179');
insert into project.passengers values (1545, 'Прохор', 'Гладков', 'Давидович', '1990-12-12', '4269 489378');
insert into project.passengers values (1546, 'Александра', 'Дябина', 'Давидовна', '1983-02-04', '4172 172404');
insert into project.passengers values (1547, 'Карина', 'Бабанина', 'Филипповна', '1978-01-03', '4672 106280');
insert into project.passengers values (1548, 'Вениамин', 'Курпатов', 'Давидович', '1965-09-20', '4518 623458');
insert into project.passengers values (1549, 'Георгий', 'Алешин', 'Яковлевич', '1960-05-26', '4937 362877');
insert into project.passengers values (1550, 'Настасья', 'Казакевича', 'Максимовна', '1978-09-16', '4769 755772');
insert into project.passengers values (1551, 'Венедикт', 'Сорокин', 'Нифонтович', '1966-04-19', '4368 831173');
insert into project.passengers values (1552, 'Прохор', 'Яковченко', 'Юлианович', '1990-08-03', '4298 705870');
insert into project.passengers values (1553, 'Ольга', 'Ягодина', 'Ростиславовна', '1970-05-10', '4741 251628');
insert into project.passengers values (1554, 'Кирилл', 'Канадцев', 'Павлович', '1979-10-17', '4470 805003');
insert into project.passengers values (1555, 'Ульяна', 'Козарь', 'Леонидовна', '1995-09-14', '4661 540023');
insert into project.passengers values (1556, 'Лана', 'Чернышева', 'Яковна', '1990-07-05', '4299 780936');
insert into project.passengers values (1557, 'Римма', 'Янкелевича', 'Игнатьевна', '1994-12-24', '4383 478864');
insert into project.passengers values (1558, 'Евгений', 'Шамило', 'Валерьевич', '1987-12-19', '4114 153488');
insert into project.passengers values (1559, 'Елена', 'Салтыкова', 'Семеновна', '1995-01-28', '4232 992276');
insert into project.passengers values (1560, 'Наталия', 'Калошина', 'Ипполитовна', '1961-02-07', '4350 346314');
insert into project.passengers values (1561, 'Ульяна', 'Журавлёва', 'Евгеньевна', '1989-10-26', '4797 422155');
insert into project.passengers values (1562, 'Ника', 'Солодская', 'Никифоровна', '1970-03-20', '4762 756103');
insert into project.passengers values (1563, 'Инна', 'Рейслер', 'Давидович', '1981-08-07', '4279 767805');
insert into project.passengers values (1564, 'Раиса', 'Сергеева', 'Романовна', '1972-03-18', '4968 861387');
insert into project.passengers values (1565, 'Ефим', 'Маховицкий', 'Савванович', '1990-06-10', '4263 891533');
insert into project.passengers values (1566, 'Елена', 'Ящук', 'Вячеславовна', '1972-02-07', '4277 246316');
insert into project.passengers values (1567, 'Трофим', 'Вырыпаев', 'Трофимович', '1967-01-23', '4834 586348');
insert into project.passengers values (1568, 'Вячеслав', 'Шигаев', 'Лаврентиич', '1971-01-16', '4672 104421');
insert into project.passengers values (1569, 'Филипп', 'Хрущёв', 'Наумович', '1964-08-02', '4547 160366');
insert into project.passengers values (1570, 'Виктория', 'Ишеева', 'Тимофеевна', '1977-01-10', '4142 139150');
insert into project.passengers values (1571, 'Антон', 'Чуличков', 'Ильич', '1977-09-21', '4621 601610');
insert into project.passengers values (1572, 'Зоя', 'Юрнаева', 'Давидовна', '1993-05-08', '4819 602410');
insert into project.passengers values (1573, 'Евгения', 'Форофонтова', 'Валерьевна', '1989-02-18', '4737 776879');
insert into project.passengers values (1574, 'Лариса', 'Комолова', 'Панкратовна', '1995-01-04', '4035 403086');
insert into project.passengers values (1575, 'Федот', 'Казак', 'Трофимович', '1991-06-16', '4663 123995');
insert into project.passengers values (1576, 'Клавдия', 'Левкина', 'Степановна', '1964-04-01', '4399 407669');
insert into project.passengers values (1577, 'Прохор', 'Ямских', 'Федорович', '1966-12-19', '4184 691705');
insert into project.passengers values (1578, 'Светлана', 'Волобуева', 'Трофимовна', '1980-08-07', '4483 176540');
insert into project.passengers values (1579, 'Алексей', 'Капылюшный', 'Трофимович', '1962-02-09', '4416 554112');
insert into project.passengers values (1580, 'Марьямна', 'Трибой', 'Наумовна', '1980-03-13', '4180 613210');
insert into project.passengers values (1581, 'Евгения', 'Лукашевич', 'Саввановна', '1993-10-20', '4884 851724');
insert into project.passengers values (1582, 'Сюзанна', 'Курбанова', 'Саввановна', '1983-01-10', '4128 402007');
insert into project.passengers values (1583, 'Семен', 'Мисалов', 'Иванович', '1981-09-12', '4385 338147');
insert into project.passengers values (1584, 'Александра', 'Павленко', 'Васильевна', '1974-12-05', '4344 499797');
insert into project.passengers values (1585, 'Игнатий', 'Бобриков', 'Герасимович', '1968-12-07', '4452 576033');
insert into project.passengers values (1586, 'Римма', 'Шаньгина', 'Феоктистовна', '1966-10-05', '4934 819608');
insert into project.passengers values (1587, 'Игнат', 'Клюкин', 'Валентинович', '1972-05-17', '4439 382465');
insert into project.passengers values (1588, 'Зинаида', 'Овечкина', 'Леонтьевна', '1976-02-20', '4728 328707');
insert into project.passengers values (1589, 'Альбина', 'Саввина', 'Евгеньевна', '1995-12-12', '4446 714380');
insert into project.passengers values (1590, 'Ася', 'Мирсиянова', 'Прокопьевна', '1979-02-08', '4012 154800');
insert into project.passengers values (1591, 'Алена', 'Полыгалова', 'Ростиславовна', '1973-01-14', '4733 964234');
insert into project.passengers values (1592, 'Татьяна', 'Митяшова', 'Афанасьевна', '1977-05-06', '4464 538007');
insert into project.passengers values (1593, 'Рада', 'Кузинова', 'Игнатьевна', '1991-12-03', '4663 857599');
insert into project.passengers values (1594, 'Виталий', 'Пивоваров', 'Васильевич', '1962-04-01', '4625 661037');
insert into project.passengers values (1595, 'Марьямна', 'Эсмонд', 'Гермоновна', '1996-09-17', '4534 649797');
insert into project.passengers values (1596, 'Рада', 'Палюлина', 'Федотовна', '1981-11-14', '4793 212233');
insert into project.passengers values (1597, 'Марк', 'Энгалычев', 'Герасимович', '1982-04-28', '4874 597036');
insert into project.passengers values (1598, 'Аркадий', 'Ольховский', 'Кириллович', '1982-07-01', '4686 721357');
insert into project.passengers values (1599, 'Александра', 'Снегирева', 'Георгьевна', '1984-03-06', '4556 833304');
insert into project.passengers values (1600, 'Кира', 'Тредиаковская', 'Георгьевна', '1964-10-10', '4468 821302');
insert into project.passengers values (1601, 'Юлиан', 'Уваров', 'Аркадинович', '1966-11-25', '4556 353824');
insert into project.passengers values (1602, 'Марфа', 'Александрович', 'Яковна', '1963-08-26', '4618 150461');
insert into project.passengers values (1603, 'Артем', 'Кац', 'Савванович', '1964-08-21', '4992 444624');
insert into project.passengers values (1604, 'Прохор', 'Целобанов', 'Никифорович', '1986-09-08', '4998 251671');
insert into project.passengers values (1605, 'Таисия', 'Гущина', 'Елизаровна', '1991-09-17', '4776 134817');
insert into project.passengers values (1606, 'Лаврентий', 'Никонов', 'Власович', '1977-02-12', '4429 186722');
insert into project.passengers values (1607, 'Трофим', 'Тютчев', 'Максимоич', '1980-05-28', '4293 339371');
insert into project.passengers values (1608, 'Савва', 'Убейсобакин', 'Геннадьевич', '1978-12-09', '4624 129453');
insert into project.passengers values (1609, 'Клавдия', 'Баева', 'Прохоровна', '1991-04-23', '4265 974566');
insert into project.passengers values (1610, 'Федот', 'Игошев', 'Леонтьевич', '1995-08-24', '4957 993439');
insert into project.passengers values (1611, 'Сергей', 'Беспалов', 'Васильевич', '1963-10-14', '4364 128783');
insert into project.passengers values (1612, 'Алиса', 'Едемская', 'Евгеньевна', '1981-11-26', '4170 362245');
insert into project.passengers values (1613, 'Федот', 'Ясаманов', 'Вячеславович', '1982-11-20', '4245 783138');
insert into project.passengers values (1614, 'Клара', 'Дрягина', 'Аркадьевна', '1962-12-24', '4317 581571');
insert into project.passengers values (1615, 'Раиса', 'Тальдаева', 'Григорьевна', '1981-05-07', '4870 872417');
insert into project.passengers values (1616, 'Арсений', 'Дворянкин', 'Максимович', '1964-05-11', '4175 526705');
insert into project.passengers values (1617, 'Герасим', 'Кудайбергенов', 'Яковеевичевич', '1986-07-15', '4711 817076');
insert into project.passengers values (1618, 'Василиса', 'Аронова', 'Прокловна', '1990-10-06', '4912 785780');
insert into project.passengers values (1619, 'Яков', 'Одинцов', 'Леонтьевич', '1985-07-08', '4493 489365');
insert into project.passengers values (1620, 'Сюзанна', 'Корбылева', 'Валерьевна', '1971-06-25', '4771 688934');
insert into project.passengers values (1621, 'Павел', 'Богоносцев', 'Севастьянович', '1963-01-10', '4820 167273');
insert into project.passengers values (1622, 'Ася', 'Гареева', 'Адамовна', '1993-11-18', '4424 508842');
insert into project.passengers values (1623, 'Римма', 'Серикова', 'Елизаровна', '1980-06-17', '4052 247589');
insert into project.passengers values (1624, 'Валентин', 'Яппаров', 'Макарович', '1967-05-22', '4749 124011');
insert into project.passengers values (1625, 'Константин', 'Олейников', 'Венедиктович', '1979-05-11', '4979 352626');
insert into project.passengers values (1626, 'Дарья', 'Лутугина', 'Макаровна', '1965-07-19', '4372 481251');
insert into project.passengers values (1627, 'Федот', 'Головченко', 'Степанович', '1972-04-22', '4258 902784');
insert into project.passengers values (1628, 'Наталия', 'Капишникова', 'Васильевна', '1995-12-25', '4267 899930');
insert into project.passengers values (1629, 'Илья', 'Рудников', 'Егорович', '1976-02-07', '4622 910967');
insert into project.passengers values (1630, 'Виктор', 'Пишенин', 'Михаилович', '1984-01-23', '4578 675419');
insert into project.passengers values (1631, 'Нина', 'Галкина', 'Захаровна', '1986-03-28', '4119 223723');
insert into project.passengers values (1632, 'Клара', 'Другакова', 'Арсеньевна', '1962-02-04', '4562 508771');
insert into project.passengers values (1633, 'Илья', 'Морин', 'Игнатьевич', '1995-03-03', '4082 962325');
insert into project.passengers values (1634, 'Лана', 'Круглова', 'Лукьяновна', '1990-04-09', '4139 150287');
insert into project.passengers values (1635, 'Альбина', 'Кручинкина', 'Денисовна', '1983-01-27', '4210 322542');
insert into project.passengers values (1636, 'Екатерина', 'Никанорова', 'Всеволодовна', '1964-09-17', '4698 382699');
insert into project.passengers values (1637, 'Трофим', 'Фотеев', 'Григорьевич', '1969-03-18', '4433 991513');
insert into project.passengers values (1638, 'Иван', 'Баева', 'Юрьевич', '1976-01-03', '4711 135576');
insert into project.passengers values (1639, 'Павел', 'Чернышёв', 'Юринович', '1969-02-16', '4136 969927');
insert into project.passengers values (1640, 'Ярослава', 'Исламова', 'Константиновна', '1981-09-07', '4637 732012');
insert into project.passengers values (1641, 'Оксана', 'Набокова', 'Адамовна', '1967-03-26', '4796 741237');
insert into project.passengers values (1642, 'Семен', 'Ненашев', 'Даниилович', '1982-05-13', '4459 115344');
insert into project.passengers values (1643, 'Раиса', 'Быстрова', 'Семеновна', '1995-02-19', '4856 995558');
insert into project.passengers values (1644, 'Анастасия', 'Демидова', 'Гаврннловна', '1976-11-04', '4752 354253');
insert into project.passengers values (1645, 'Марьямна', 'Соломина', 'Константиновна', '1961-11-25', '4025 300202');
insert into project.passengers values (1646, 'Лаврентий', 'Маркелов', 'Максимоич', '1980-06-06', '4764 191984');
insert into project.passengers values (1647, 'Нонна', 'Железкина', 'Никитьевна', '1984-03-09', '4968 366347');
insert into project.passengers values (1648, 'Тамара', 'Лагутина', 'Федоровна', '1962-03-27', '4483 287069');
insert into project.passengers values (1649, 'Даниил', 'Григолюк', 'Феоктистович', '1963-02-17', '4822 505298');
insert into project.passengers values (1650, 'Алексей', 'Бондарчук', 'Игнатьевич', '1995-09-03', '4369 505616');
insert into project.passengers values (1651, 'Серафима', 'Романенко', 'Кирилловна', '1994-02-19', '4576 110973');
insert into project.passengers values (1652, 'Иннокентий', 'Ячевский', 'Иванович', '1964-12-12', '4717 822925');
insert into project.passengers values (1653, 'Альбина', 'Шумилова', 'Яковна', '1980-12-06', '4310 961814');
insert into project.passengers values (1654, 'Адам', 'Закревский', 'Даниилович', '1976-08-05', '4785 317002');
insert into project.passengers values (1655, 'Аркадий', 'Стрекалов', 'Давидович', '1970-02-25', '4795 443448');
insert into project.passengers values (1656, 'Вячеслав', 'Янукович', 'Арсеньевич', '1990-11-21', '4113 895183');
insert into project.passengers values (1657, 'Антон', 'Язин', 'Иванович', '1987-02-06', '4960 378902');
insert into project.passengers values (1658, 'Савва', 'Пушкарёв', 'Гаврннлович', '1968-04-23', '4565 469233');
insert into project.passengers values (1659, 'Юлия', 'Караваева', 'Федотовна', '1967-05-16', '4895 162461');
insert into project.passengers values (1660, 'Кузьма', 'Веселов', 'Филиппович', '1969-03-24', '4922 686872');
insert into project.passengers values (1661, 'Иван', 'Васильевых', 'Максимович', '1981-10-25', '4036 755551');
insert into project.passengers values (1662, 'Анна', 'Смышляева', 'Семеновна', '1974-12-10', '4957 456141');
insert into project.passengers values (1663, 'Татьяна', 'Якубовская', 'Степановна', '1996-04-11', '4888 745631');
insert into project.passengers values (1664, 'Роман', 'Машлыкин', 'Всеволодович', '1962-02-06', '4582 341837');
insert into project.passengers values (1665, 'Константин', 'Гурьянов', 'Васильевич', '1981-12-19', '4898 726722');
insert into project.passengers values (1666, 'Юлиана', 'Шапкина', 'Филипповна', '1968-04-14', '4098 556975');
insert into project.passengers values (1667, 'Алла', 'Заврагина', 'Акимовна', '1990-09-11', '4422 440447');
insert into project.passengers values (1668, 'Мария', 'Кизатова', 'Иннокентьевна', '1988-04-07', '4064 129596');
insert into project.passengers values (1669, 'Елена', 'Усилова', 'Афанасьевна', '1964-12-04', '4176 479135');
insert into project.passengers values (1670, 'Карина', 'Чупринина', 'Ивановна', '1991-04-25', '4936 571668');
insert into project.passengers values (1671, 'Галина', 'Мышкина', 'Егоровна', '1979-07-13', '4883 311088');
insert into project.passengers values (1672, 'Севастьян', 'Румянцев', 'Антонрвич', '1989-05-08', '4818 590588');
insert into project.passengers values (1673, 'Кирилл', 'Закруткин', 'Никитович', '1986-04-23', '4517 493501');
insert into project.passengers values (1674, 'Сюзанна', 'Ягубова', 'Прокопьевна', '1968-03-16', '4831 490705');
insert into project.passengers values (1675, 'Павел', 'Чендев', 'Трофимович', '1993-01-16', '4478 639279');
insert into project.passengers values (1676, 'Иван', 'Кандинский', 'Александрович', '1980-04-14', '4733 397608');
insert into project.passengers values (1677, 'Савва', 'Шишов', 'Степанович', '1960-10-11', '4497 218301');
insert into project.passengers values (1678, 'Марфа', 'Филиппова', 'Петровна', '1980-06-15', '4931 806909');
insert into project.passengers values (1679, 'Карина', 'Рафикова', 'Никандровна', '1970-09-10', '4072 104360');
insert into project.passengers values (1680, 'Рада', 'Никулаичева', 'Ильишна', '1980-09-14', '4576 245286');
insert into project.passengers values (1681, 'Михаил', 'Квасков', 'Нифонтович', '1963-08-19', '4112 644635');
insert into project.passengers values (1682, 'Георгий', 'Горбунов', 'Федорович', '1967-07-01', '4840 418408');
insert into project.passengers values (1683, 'Ева', 'Гальцева', 'Феоктистовна', '1982-06-16', '4451 882420');
insert into project.passengers values (1684, 'Константин', 'Колотушкин', 'Павлович', '1973-09-26', '4456 311170');
insert into project.passengers values (1685, 'Ася', 'Блаженова', 'Юрьевна', '1987-03-16', '4229 252352');
insert into project.passengers values (1686, 'Валерия', 'Аронова', 'Лукьяновна', '1964-10-01', '4118 652737');
insert into project.passengers values (1687, 'Вениамин', 'Шмелёв', 'Тимофеевич', '1994-08-14', '4459 549703');
insert into project.passengers values (1688, 'Степан', 'Лапидус', 'Иванович', '1969-02-24', '4251 377609');
insert into project.passengers values (1689, 'Гавриил', 'Ассоров', 'Валерьевич', '1988-03-06', '4160 539461');
insert into project.passengers values (1690, 'Арсений', 'Охрема', 'Федорович', '1981-03-01', '4359 994717');
insert into project.passengers values (1691, 'Виталий', 'Никулаичев', 'Иванович', '1984-01-06', '4894 910373');
insert into project.passengers values (1692, 'Виктор', 'Кирдань', 'Алексеевич', '1972-10-04', '4424 913612');
insert into project.passengers values (1693, 'Вероника', 'Янчина', 'Михаиловна', '1975-05-03', '4948 950857');
insert into project.passengers values (1694, 'Федор', 'Берёзкин', 'Львович', '1975-06-11', '4499 895260');
insert into project.passengers values (1695, 'Игнат', 'Кондраков', 'Иннокентиевич', '1992-06-09', '4182 546605');
insert into project.passengers values (1696, 'Ольга', 'Громыко', 'Тимофеевна', '1966-10-01', '4758 444823');
insert into project.passengers values (1697, 'Настасья', 'Лагранская', 'Николаевна', '1979-05-13', '4349 225825');
insert into project.passengers values (1698, 'Алиса', 'Янушевская', 'Александровна', '1980-06-27', '4588 979732');
insert into project.passengers values (1699, 'Нонна', 'Левина', 'Афанасьевна', '1961-04-10', '4329 880671');
insert into project.passengers values (1700, 'Маргарита', 'Левковича', 'Феоктистовна', '1995-04-16', '4045 441086');
insert into project.passengers values (1701, 'Данила', 'Сусляков', 'Кириллович', '1966-10-25', '4456 469683');
insert into project.passengers values (1702, 'Никита', 'Морозов', 'Давидович', '1979-07-23', '4617 689410');
insert into project.passengers values (1703, 'Ефим', 'Курневич', 'Емельянович', '1991-04-20', '4579 581721');
insert into project.passengers values (1704, 'Михаил', 'Кручинкин', 'Георгиевич', '1978-12-23', '4386 246287');
insert into project.passengers values (1705, 'Прохор', 'Форопонов', 'Тимофеевич', '1967-07-25', '4598 979474');
insert into project.passengers values (1706, 'Зинаида', 'Курчатова', 'Федоровна', '1960-07-21', '4519 804512');
insert into project.passengers values (1707, 'Оксана', 'Ярыкина', 'Саввановна', '1993-02-09', '4225 237408');
insert into project.passengers values (1708, 'Ефим', 'Сучков', 'Антонрвич', '1967-01-27', '4613 588695');
insert into project.passengers values (1709, 'Любовь', 'Аносова', 'Валентиновна', '1985-12-07', '4785 257579');
insert into project.passengers values (1710, 'Константин', 'Кярбер', 'Антонович', '1976-08-13', '4721 562814');
insert into project.passengers values (1711, 'Леонид', 'Кабинов', 'Витальевич', '1990-03-24', '4474 955239');
insert into project.passengers values (1712, 'Дарья', 'Корбылева', 'Никифоровна', '1989-05-23', '4027 832115');
insert into project.passengers values (1713, 'Алина', 'Рудакова', 'Николаевна', '1960-11-27', '4383 532534');
insert into project.passengers values (1714, 'Павел', 'Токарев', 'Маркович', '1986-03-13', '4710 988659');
insert into project.passengers values (1715, 'Роман', 'Зайков', 'Ростиславович', '1981-12-12', '4598 905917');
insert into project.passengers values (1716, 'Варвара', 'Сарычева', 'Гаврннловна', '1993-10-13', '4073 213236');
insert into project.passengers values (1717, 'Николай', 'Кутичев', 'Ираклиевич', '1993-12-11', '4681 427351');
insert into project.passengers values (1718, 'Ева', 'Барышникова', 'Егоровна', '1964-11-06', '4852 705828');
insert into project.passengers values (1719, 'Варвара', 'Абоймова', 'Никифоровна', '1988-08-14', '4446 190764');
insert into project.passengers values (1720, 'Аркадий', 'Андреев', 'Даниилович', '1969-08-09', '4324 463849');
insert into project.passengers values (1721, 'Елена', 'Антимонова', 'Емельяновна', '1994-07-26', '4948 921380');
insert into project.passengers values (1722, 'Афанасия', 'Маклакова', 'Ефимовна', '1989-11-24', '4721 736874');
insert into project.passengers values (1723, 'Кузьма', 'Кожухов', 'Степанович', '1971-02-16', '4823 113280');
insert into project.passengers values (1724, 'Аполлинария', 'Устинова', 'Гермоновна', '1983-11-16', '4836 914318');
insert into project.passengers values (1725, 'Зоя', 'Хромова', 'Даниловна', '1996-07-13', '4314 311357');
insert into project.passengers values (1726, 'Альбина', 'Стегнова', 'Тимофеевна', '1983-08-15', '4120 802597');
insert into project.passengers values (1727, 'Марфа', 'Бобылева', 'Ростиславовна', '1996-03-22', '4830 556816');
insert into project.passengers values (1728, 'Евгения', 'Михно', 'Нифонтовна', '1968-03-21', '4273 482792');
insert into project.passengers values (1729, 'София', 'Григорьева', 'Ефимовна', '1973-11-20', '4626 127199');
insert into project.passengers values (1730, 'Константин', 'Дресвянин', 'Антонрвич', '1982-05-12', '4720 885847');
insert into project.passengers values (1731, 'Тимофей', 'Маркин', 'Маркович', '1975-05-23', '4363 853327');
insert into project.passengers values (1732, 'Виктория', 'Ивашева', 'Кирилловна', '1988-10-12', '4586 370749');
insert into project.passengers values (1733, 'Дмитрий', 'Елешев', 'Аркадинович', '1988-06-05', '4819 443972');
insert into project.passengers values (1734, 'Юрий', 'Богомазов', 'Кириллович', '1976-02-24', '4545 606564');
insert into project.passengers values (1735, 'Кирилл', 'Яглинцев', 'Трофимович', '1971-12-12', '4063 194101');
insert into project.passengers values (1736, 'Ася', 'Локтева', 'Арсеньевна', '1963-07-16', '4343 799032');
insert into project.passengers values (1737, 'Инна', 'Ячменцева', 'Ивановна', '1994-10-05', '4913 214044');
insert into project.passengers values (1738, 'Игнат', 'Расторгуев', 'Викторович', '1992-04-24', '4161 777324');
insert into project.passengers values (1739, 'Роман', 'Янчин', 'Александрович', '1962-10-11', '4989 485743');
insert into project.passengers values (1740, 'Настасья', 'Качурина', 'Елизаровна', '1962-10-28', '4265 675512');
insert into project.passengers values (1741, 'Клавдия', 'Рыкова', 'Гермоновна', '1996-04-06', '4651 609055');
insert into project.passengers values (1742, 'Евгений', 'Фамусов', 'Сергеевич', '1986-08-16', '4253 198185');
insert into project.passengers values (1743, 'Василий', 'Ясюлевич', 'Сергеевич', '1976-03-18', '4730 717018');
insert into project.passengers values (1744, 'Яков', 'Адаксин', 'Севастьянович', '1994-06-21', '4816 945248');
insert into project.passengers values (1745, 'Тимофей', 'Луньков', 'Юлианович', '1967-02-14', '4576 746930');
insert into project.passengers values (1746, 'Анна', 'Зайцева', 'Петровна', '1969-11-23', '4941 970367');
insert into project.passengers values (1747, 'Георгий', 'Закруткин', 'Юрьевич', '1992-07-23', '4236 254359');
insert into project.passengers values (1748, 'Ефрем', 'Плеханов', 'Гаврннлович', '1989-05-01', '4493 537643');
insert into project.passengers values (1749, 'Серафима', 'Шаповалова', 'Тимофеевна', '1979-02-10', '4020 992825');
insert into project.passengers values (1750, 'Егор', 'Тарасов', 'Петрович', '1975-11-28', '4754 582431');
insert into project.passengers values (1751, 'Карина', 'Ратаева', 'Антоновна', '1974-03-21', '4958 815709');
insert into project.passengers values (1752, 'Степан', 'Митькин', 'Иванович', '1960-02-15', '4622 673692');
insert into project.passengers values (1753, 'Кира', 'Носатенко', 'Кирилловна', '1966-10-20', '4265 839109');
insert into project.passengers values (1754, 'Константин', 'Куксюк', 'Яковеевичевич', '1992-05-08', '4368 493218');
insert into project.passengers values (1755, 'Василиса', 'Соломина', 'Ивановна', '1992-06-22', '4522 370288');
insert into project.passengers values (1756, 'Захар', 'Машлыкин', 'Гаврннлович', '1965-01-28', '4666 553999');
insert into project.passengers values (1757, 'Тимофей', 'Епанчин', 'Прохорович', '1960-08-15', '4625 965919');
insert into project.passengers values (1758, 'Валентин', 'Тихоненко', 'Савванович', '1979-10-27', '4363 689157');
insert into project.passengers values (1759, 'Сергей', 'Качаев', 'Филиппович', '1964-12-03', '4453 123926');
insert into project.passengers values (1760, 'Альбина', 'Углова', 'Валерьевна', '1989-03-25', '4044 811228');
insert into project.passengers values (1761, 'Тарас', 'Колотилов', 'Валерьевич', '1964-09-25', '4125 607063');
insert into project.passengers values (1762, 'Нина', 'Бабичева', 'Себастьяновна', '1981-12-02', '4521 807690');
insert into project.passengers values (1763, 'Лариса', 'Фролова', 'Власовна', '1993-07-08', '4485 993643');
insert into project.passengers values (1764, 'София', 'Помелова', 'Михаиловна', '1962-08-05', '4898 934990');
insert into project.passengers values (1765, 'Маргарита', 'Маслюка', 'Никитьевна', '1960-03-09', '4582 721087');
insert into project.passengers values (1766, 'Валерия', 'Гречко', 'Павловна', '1988-05-10', '4773 126858');
insert into project.passengers values (1767, 'Римма', 'Яшина', 'Арсеньевна', '1991-10-17', '4741 846449');
insert into project.passengers values (1768, 'Оксана', 'Опокина', 'Феоктистовна', '1981-12-07', '4897 147356');
insert into project.passengers values (1769, 'Раиса', 'Краснокутская', 'Игнатевна', '1982-09-10', '4747 124382');
insert into project.passengers values (1770, 'Марьямна', 'Бабинова', 'Петровна', '1996-07-25', '4189 362034');
insert into project.passengers values (1771, 'Николай', 'Туржанский', 'Валентинович', '1973-08-15', '4538 254149');
insert into project.passengers values (1772, 'Герасим', 'Сиянко', 'Яковеевичевич', '1987-05-28', '4940 164659');
insert into project.passengers values (1773, 'Наталия', 'Новомейская', 'Марковна', '1994-07-14', '4379 591221');
insert into project.passengers values (1774, 'Степан', 'Панькив', 'Даниилович', '1975-02-17', '4897 967979');
insert into project.passengers values (1775, 'Тимофей', 'Ясаманов', 'Филиппович', '1996-02-19', '4761 849683');
insert into project.passengers values (1776, 'Лариса', 'Белова', 'Ефимовна', '1972-07-16', '4289 845407');
insert into project.passengers values (1777, 'Ефрем', 'Ядров', 'Феоктистович', '1973-03-04', '4386 896725');
insert into project.passengers values (1778, 'Константин', 'Ляпин', 'Яковлевич', '1980-03-26', '4249 514953');
insert into project.passengers values (1779, 'София', 'Лаер', 'Порфнрьевна', '1981-04-23', '4853 333520');
insert into project.passengers values (1780, 'Максим', 'Лямин', 'Павлович', '1969-03-01', '4182 276822');
insert into project.passengers values (1781, 'Александра', 'Чупова', 'Акимовна', '1970-07-11', '4544 417546');
insert into project.passengers values (1782, 'Виктор', 'Пыжалов', 'Федотович', '1971-01-02', '4312 225315');
insert into project.passengers values (1783, 'Елизавета', 'Козлитина', 'Прокопьевна', '1996-01-19', '4698 961349');
insert into project.passengers values (1784, 'Лариса', 'Эзерина', 'Валерьевна', '1974-10-24', '4219 344714');
insert into project.passengers values (1785, 'Юрин', 'Нилов', 'Михаилович', '1989-04-25', '4749 346552');
insert into project.passengers values (1786, 'Марианна', 'Ледовская', 'Кирилловна', '1969-05-11', '4077 789430');
insert into project.passengers values (1787, 'Сергей', 'Казючиц', 'Семенович', '1969-01-12', '4386 418135');
insert into project.passengers values (1788, 'Полина', 'Левкина', 'Трофимовна', '1987-12-12', '4836 337432');
insert into project.passengers values (1789, 'Мария', 'Эрдели', 'Саввановна', '1969-07-26', '4256 551865');
insert into project.passengers values (1790, 'Юлиан', 'Гусев', 'Афанасьевич', '1991-11-16', '4976 703225');
insert into project.passengers values (1791, 'Кирилл', 'Водолеев', 'Федорович', '1980-11-24', '4632 997240');
insert into project.passengers values (1792, 'Клавдия', 'Истлентьева', 'Леонтьевна', '1985-02-11', '4466 283395');
insert into project.passengers values (1793, 'Ростислав', 'Сонин', 'Серафимович', '1961-04-18', '4065 987558');
insert into project.passengers values (1794, 'Нонна', 'Дружинина', 'Гермоновна', '1987-02-07', '4232 865140');
insert into project.passengers values (1795, 'Давид', 'Куксилов', 'Константинович', '1990-04-02', '4964 680551');
insert into project.passengers values (1796, 'Никита', 'Аллилуев', 'Максимович', '1973-11-06', '4677 481295');
insert into project.passengers values (1797, 'Алла', 'Матвеева', 'Саввановна', '1981-09-11', '4992 295463');
insert into project.passengers values (1798, 'Людмила', 'Ягафарова', 'Саввановна', '1981-05-24', '4188 781390');
insert into project.passengers values (1799, 'Серафим', 'Тучков', 'Иванович', '1984-03-23', '4821 369305');
insert into project.passengers values (1800, 'Марфа', 'Шверник', 'Евгеньевна', '1984-06-02', '4022 684512');
insert into project.passengers values (1801, 'Дмитрий', 'Чан', 'Константинович', '1983-11-04', '4539 234920');
insert into project.passengers values (1802, 'Алексей', 'Касатый', 'Власович', '1990-05-24', '4078 852425');
insert into project.passengers values (1803, 'Римма', 'Ягафарова', 'Прохоровна', '1974-06-26', '4511 929112');
insert into project.passengers values (1804, 'Гавриил', 'Патрушев', 'Максимович', '1964-09-17', '4837 596557');
insert into project.passengers values (1805, 'Жанна', 'Францева', 'Алексеевна', '1980-12-22', '4187 994310');
insert into project.passengers values (1806, 'Павел', 'Шкловский', 'Валерьевич', '1988-03-01', '4762 498484');
insert into project.passengers values (1807, 'Елена', 'Январева', 'Михаиловна', '1993-02-09', '4889 154749');
insert into project.passengers values (1808, 'Николай', 'Нюнка', 'Валерианович', '1960-05-25', '4134 520176');
insert into project.passengers values (1809, 'Ксения', 'Квартальнова', 'Филипповна', '1964-08-28', '4218 473515');
insert into project.passengers values (1810, 'Дарья', 'Лагошина', 'Ефимовна', '1964-12-01', '4061 720929');
insert into project.passengers values (1811, 'Леонид', 'Ведерников', 'Алексеевич', '1963-09-11', '4836 753715');
insert into project.passengers values (1812, 'Альбина', 'Шишкарёва', 'Прохоровна', '1989-04-23', '4591 374515');
insert into project.passengers values (1813, 'Роман', 'Вихров', 'Маркович', '1968-08-10', '4546 281457');
insert into project.passengers values (1814, 'Нина', 'Кравкова', 'Кирилловна', '1979-07-01', '4490 544759');
insert into project.passengers values (1815, 'Дмитрий', 'Щегельский', 'Романович', '1979-03-16', '4580 315218');
insert into project.passengers values (1816, 'Наталия', 'Ремизова', 'Павловна', '1986-08-16', '4990 719307');
insert into project.passengers values (1817, 'Ирина', 'Яблонева', 'Ефимовна', '1967-07-02', '4320 129207');
insert into project.passengers values (1818, 'Егор', 'Карамзин', 'Серафимович', '1969-06-25', '4745 904149');
insert into project.passengers values (1819, 'Максим', 'Турчанинов', 'Себастьянович', '1993-10-17', '4120 587158');
insert into project.passengers values (1820, 'Федор', 'Невский', 'Севастьянович', '1993-02-12', '4496 438929');
insert into project.passengers values (1821, 'Татьяна', 'Фомичева', 'Леонтьевна', '1996-03-25', '4210 810994');
insert into project.passengers values (1822, 'Ника', 'Ковпак', 'Севастьяновна', '1977-11-03', '4239 804415');
insert into project.passengers values (1823, 'Людмила', 'Филипова', 'Яковна', '1987-08-03', '4341 435453');
insert into project.passengers values (1824, 'Дарья', 'Конак', 'Семеновна', '1982-08-07', '4942 185237');
insert into project.passengers values (1825, 'Светлана', 'Ненашева', 'Тимофеевна', '1982-07-11', '4793 396293');
insert into project.passengers values (1826, 'Валерий', 'Богатов', 'Савванович', '1974-06-15', '4914 278585');
insert into project.passengers values (1827, 'Надежда', 'Федосеева', 'Кирилловна', '1986-06-22', '4550 132013');
insert into project.passengers values (1828, 'Марина', 'Лагранская', 'Денисовна', '1990-04-23', '4477 482412');
insert into project.passengers values (1829, 'Максим', 'Аникеев', 'Евгениевич', '1991-03-22', '4522 778402');
insert into project.passengers values (1830, 'Елена', 'Бочарова', 'Федоровна', '1963-06-01', '4594 820379');
insert into project.passengers values (1831, 'Алена', 'Эпингер', 'Егоровна', '1977-05-11', '4884 218758');
insert into project.passengers values (1832, 'Ярослава', 'Цельнер', 'Ираклиевна', '1986-09-16', '4611 818290');
insert into project.passengers values (1833, 'Алла', 'Островерх', 'Севастьяновна', '1976-09-15', '4198 575378');
insert into project.passengers values (1834, 'Юрий', 'Толмачёв', 'Максимоич', '1970-06-09', '4387 811488');
insert into project.passengers values (1835, 'Филипп', 'Кушнарёв', 'Савванович', '1963-07-24', '4431 588704');
insert into project.passengers values (1836, 'Клавдия', 'Ажикелямова', 'Ивановна', '1962-10-19', '4949 782970');
insert into project.passengers values (1837, 'Петр', 'Яблонов', 'Климентьевич', '1963-12-14', '4145 798773');
insert into project.passengers values (1838, 'Ефрем', 'Лапшин', 'Евгениевич', '1991-01-16', '4671 236255');
insert into project.passengers values (1839, 'Виталий', 'Чернышев', 'Егорович', '1992-11-26', '4121 692303');
insert into project.passengers values (1840, 'Жанна', 'Вишневская', 'Всеволодовна', '1992-05-07', '4940 882297');
insert into project.passengers values (1841, 'Тарас', 'Шилов', 'Геннадьевич', '1976-03-19', '4837 564591');
insert into project.passengers values (1842, 'Людмила', 'Игнатенко', 'Васильевна', '1984-04-11', '4059 725894');
insert into project.passengers values (1843, 'Антонина', 'Бандуркина', 'Ефимовна', '1966-08-26', '4053 756475');
insert into project.passengers values (1844, 'Яков', 'Абоимов', 'Емельянович', '1967-05-01', '4080 592784');
insert into project.passengers values (1845, 'Адам', 'Янушковский', 'Григорьевич', '1988-02-05', '4017 913468');
insert into project.passengers values (1846, 'Юрий', 'Чибисов', 'Петрович', '1961-07-28', '4011 185079');
insert into project.passengers values (1847, 'Степан', 'Лачков', 'Акимович', '1978-03-08', '4754 905030');
insert into project.passengers values (1848, 'Татьяна', 'Перевёртова', 'Севастьяновна', '1981-03-04', '4386 265423');
insert into project.passengers values (1849, 'Данила', 'Окулов', 'Севастьянович', '1996-02-10', '4134 739693');
insert into project.passengers values (1850, 'Елена', 'Табернакулова', 'Александровна', '1978-10-25', '4368 977421');
insert into project.passengers values (1851, 'Ульяна', 'Зуева', 'Саввановна', '1996-04-11', '4329 369047');
insert into project.passengers values (1852, 'Венедикт', 'Гудков', 'Денисович', '1989-04-13', '4217 609907');
insert into project.passengers values (1853, 'Леонтий', 'Кощеев', 'Викторович', '1986-08-18', '4348 697664');
insert into project.passengers values (1854, 'Альбина', 'Калашникова', 'Герасимовна', '1964-08-13', '4521 252628');
insert into project.passengers values (1855, 'Алексей', 'Шадрин', 'Григорьевич', '1963-02-07', '4143 239825');
insert into project.passengers values (1856, 'Игнатий', 'Сычкин', 'Давидович', '1992-03-23', '4610 727069');
insert into project.passengers values (1857, 'Елизавета', 'Косинова', 'Тимофеевна', '1986-09-21', '4793 674296');
insert into project.passengers values (1858, 'Елена', 'Петровская', 'Ивановна', '1985-06-05', '4761 184584');
insert into project.passengers values (1859, 'Севастьян', 'Яздовский', 'Сергеевич', '1962-04-19', '4914 473838');
insert into project.passengers values (1860, 'Филипп', 'Сотов', 'Афанасьевич', '1983-07-28', '4834 632411');
insert into project.passengers values (1861, 'Таисия', 'Денисова', 'Семеновна', '1965-06-01', '4176 957023');
insert into project.passengers values (1862, 'Серафим', 'Янкелевич', 'Никифорович', '1966-08-08', '4218 554255');
insert into project.passengers values (1863, 'Ника', 'Язвецова', 'Филипповна', '1982-02-25', '4298 625771');
insert into project.passengers values (1864, 'Василиса', 'Астрединова', 'Федоровна', '1979-02-05', '4618 521058');
insert into project.passengers values (1865, 'Алла', 'Масмехова', 'Константиновна', '1967-02-26', '4353 838670');
insert into project.passengers values (1866, 'Константин', 'Карасёв', 'Адамович', '1964-11-25', '4240 676446');
insert into project.passengers values (1867, 'Ева', 'Елышева', 'Григориевна', '1986-01-18', '4542 560195');
insert into project.passengers values (1868, 'Лариса', 'Язвецова', 'Власовна', '1977-03-06', '4973 143713');
insert into project.passengers values (1869, 'Василий', 'Харьков', 'Игнатьевич', '1965-06-11', '4510 483379');
insert into project.passengers values (1870, 'Жанна', 'Михальченко', 'Геннадьевна', '1961-11-09', '4530 171588');
insert into project.passengers values (1871, 'Филипп', 'Низовкин', 'Ильич', '1982-12-07', '4524 105435');
insert into project.passengers values (1872, 'Валентина', 'Созонова', 'Серафимовна', '1964-06-03', '4226 151610');
insert into project.passengers values (1873, 'Алиса', 'Зубкова', 'Никифоровна', '1966-03-04', '4038 601545');
insert into project.passengers values (1874, 'Людмила', 'Ильина', 'Никифоровна', '1960-12-26', '4023 440760');
insert into project.passengers values (1875, 'Степан', 'Архаткин', 'Серафимович', '1961-05-19', '4091 798188');
insert into project.passengers values (1876, 'Маргарита', 'Бондарева', 'Никандровна', '1982-03-17', '4124 335674');
insert into project.passengers values (1877, 'Нонна', 'Шамякина', 'Наумовна', '1972-10-02', '4132 365476');
insert into project.passengers values (1878, 'Никита', 'Маслак', 'Евгениевич', '1988-06-08', '4155 764197');
insert into project.passengers values (1879, 'Марьямна', 'Шаталова', 'Антоновна', '1976-09-05', '4411 575360');
insert into project.passengers values (1880, 'Ирина', 'Машира', 'Дмитриевна', '1988-07-08', '4356 430210');
insert into project.passengers values (1881, 'Илья', 'Водопьянов', 'Ефимович', '1985-02-28', '4378 560552');
insert into project.passengers values (1882, 'Александр', 'Ковалев', 'Нифонтович', '1970-03-25', '4773 770954');
insert into project.passengers values (1883, 'Евгения', 'Богоносцева', 'Никитьевна', '1967-05-28', '4539 466590');
insert into project.passengers values (1884, 'Екатерина', 'Буланова', 'Трофимовна', '1970-03-26', '4419 227160');
insert into project.passengers values (1885, 'Юлиана', 'Уицкая', 'Адамовна', '1994-03-11', '4791 889701');
insert into project.passengers values (1886, 'Тарас', 'Кэбин', 'Георгиевич', '1989-03-26', '4477 725601');
insert into project.passengers values (1887, 'Юлия', 'Каргина', 'Кирилловна', '1987-03-21', '4479 983924');
insert into project.passengers values (1888, 'Степан', 'Киреев', 'Артемович', '1963-11-23', '4486 388296');
insert into project.passengers values (1889, 'Филипп', 'Форофонтов', 'Георгиевич', '1994-09-17', '4175 295975');
insert into project.passengers values (1890, 'Семен', 'Луньков', 'Юринович', '1971-03-04', '4697 229486');
insert into project.passengers values (1891, 'Егор', 'Каштанов', 'Артемович', '1960-10-19', '4480 938269');
insert into project.passengers values (1892, 'Вероника', 'Ряполова', 'Леонидовна', '1962-05-14', '4459 562523');
insert into project.passengers values (1893, 'Константин', 'Краевич', 'Николаевич', '1964-03-16', '4840 721413');
insert into project.passengers values (1894, 'Давид', 'Пересторонин', 'Федорович', '1974-06-16', '4041 253834');
insert into project.passengers values (1895, 'Севастьян', 'Гуськов', 'Алексеевич', '1961-01-20', '4498 958757');
insert into project.passengers values (1896, 'Анфиса', 'Сабанцева', 'Валериановна', '1981-07-22', '4596 777548');
insert into project.passengers values (1897, 'Марк', 'Яшуков', 'Валерьевич', '1968-04-22', '4720 495912');
insert into project.passengers values (1898, 'Алена', 'Янзинова', 'Тарасовна', '1988-04-17', '4020 374551');
insert into project.passengers values (1899, 'Евгения', 'Бобкова', 'Николаевна', '1994-06-15', '4815 332736');
insert into project.passengers values (1900, 'Афанасия', 'Бокарёва', 'Ильиновна', '1971-08-18', '4517 659429');
insert into project.passengers values (1901, 'Юлиана', 'Терещенко', 'Прокопьевна', '1978-05-16', '4370 571949');
insert into project.passengers values (1902, 'Савва', 'Ярцин', 'Порфирьевич', '1995-02-23', '4211 429500');
insert into project.passengers values (1903, 'Виктор', 'Лимонов', 'Прокльев', '1989-03-13', '4045 216329');
insert into project.passengers values (1904, 'Валентина', 'Набережная', 'Николаевна', '1962-07-22', '4821 911192');
insert into project.passengers values (1905, 'Прохор', 'Валеев', 'Себастьянович', '1994-01-24', '4751 524702');
insert into project.passengers values (1906, 'Клара', 'Яковленко', 'Антоновна', '1961-07-04', '4622 654325');
insert into project.passengers values (1907, 'Лана', 'Сахарова', 'Павловна', '1978-02-15', '4254 140550');
insert into project.passengers values (1908, 'Лана', 'Ломоносова', 'Викторовна', '1991-12-11', '4137 910408');
insert into project.passengers values (1909, 'Арина', 'Братцева', 'Петровна', '1996-08-20', '4084 650674');
insert into project.passengers values (1910, 'Семен', 'Бочко', 'Семенович', '1985-08-14', '4668 309356');
insert into project.passengers values (1911, 'Савва', 'Буковски', 'Степанович', '1966-07-08', '4191 606013');
insert into project.passengers values (1912, 'Римма', 'Набутова', 'Филипповна', '1990-02-15', '4294 798947');
insert into project.passengers values (1913, 'Евгений', 'Колодезев', 'Севастьянович', '1991-10-25', '4518 535832');
insert into project.passengers values (1914, 'Семен', 'Любов', 'Федорович', '1961-12-17', '4784 128237');
insert into project.passengers values (1915, 'Юлиан', 'Сухоруков', 'Климентьевич', '1960-01-25', '4035 572300');
insert into project.passengers values (1916, 'Адам', 'Едемский', 'Тимофеевич', '1972-10-20', '4466 401886');
insert into project.passengers values (1917, 'Карина', 'Таганцева', 'Петровна', '1984-08-06', '4749 937705');
insert into project.passengers values (1918, 'Афанасий', 'Бойков', 'Кузьмич', '1971-11-14', '4928 591708');
insert into project.passengers values (1919, 'Даниил', 'Чиркаш', 'Геннадьевич', '1972-06-27', '4099 833964');
insert into project.passengers values (1920, 'Анфиса', 'Мешкова', 'Трофимовна', '1962-05-22', '4020 924109');
insert into project.passengers values (1921, 'Дарья', 'Панюшкина', 'Саввановна', '1978-02-10', '4353 874338');
insert into project.passengers values (1922, 'Виктория', 'Дубинкина', 'Леонтьевна', '1966-05-13', '4076 996991');
insert into project.passengers values (1923, 'Георгий', 'Коновалов', 'Семенович', '1991-09-09', '4825 918893');
insert into project.passengers values (1924, 'Елизавета', 'Козловская', 'Максимовна', '1970-03-02', '4196 378727');
insert into project.passengers values (1925, 'Алексей', 'Анреп', 'Прокопьевич', '1994-07-07', '4486 621722');
insert into project.passengers values (1926, 'Филипп', 'Ягубов', 'Геннадьевич', '1962-04-26', '4456 189349');
insert into project.passengers values (1927, 'Алиса', 'Шайна', 'Прохоровна', '1965-05-01', '4379 119503');
insert into project.passengers values (1928, 'Даниил', 'Томсин', 'Васильевич', '1993-03-13', '4515 722631');
insert into project.passengers values (1929, 'Марианна', 'Другакова', 'Степановна', '1967-04-17', '4095 609157');
insert into project.passengers values (1930, 'Ксения', 'Рыбалкина', 'Климентьевна', '1982-07-19', '4931 590345');
insert into project.passengers values (1931, 'Антон', 'Шангин', 'Ефремович', '1996-05-01', '4332 512904');
insert into project.passengers values (1932, 'Дмитрий', 'Бабкин', 'Валентинович', '1974-07-02', '4640 717220');
insert into project.passengers values (1933, 'Лаврентий', 'Искрицкий', 'Власович', '1988-03-03', '4879 218386');
insert into project.passengers values (1934, 'Афанасий', 'Яндуткин', 'Серафимович', '1987-01-16', '4759 104108');
insert into project.passengers values (1935, 'Никита', 'Фарышев', 'Игнатьевич', '1970-11-11', '4871 801541');
insert into project.passengers values (1936, 'Ника', 'Высоцкая', 'Григориевна', '1969-08-03', '4366 555230');
insert into project.passengers values (1937, 'Венедикт', 'Ядыкин', 'Филиппович', '1989-09-04', '4824 872234');
insert into project.passengers values (1938, 'Лаврентий', 'Сальков', 'Степанович', '1986-09-17', '4927 430360');
insert into project.passengers values (1939, 'Савва', 'Яранов', 'Наумович', '1981-09-24', '4887 638639');
insert into project.passengers values (1940, 'Полина', 'Ковалевская', 'Евгеньевна', '1994-01-12', '4612 116122');
insert into project.passengers values (1941, 'Трофим', 'Зухин', 'Гаврннлович', '1988-04-14', '4165 261525');
insert into project.passengers values (1942, 'Алина', 'Золотухина', 'Кирилловна', '1971-07-15', '4759 757322');
insert into project.passengers values (1943, 'Емельян', 'Жидков', 'Григорьевич', '1988-08-04', '4095 578482');
insert into project.passengers values (1944, 'Захар', 'Шагидзянов', 'Даниилович', '1973-07-26', '4922 743177');
insert into project.passengers values (1945, 'Клара', 'Слобожанина', 'Валентиновна', '1976-12-20', '4147 579005');
insert into project.passengers values (1946, 'Константин', 'Житков', 'Степанович', '1983-04-01', '4556 846091');
insert into project.passengers values (1947, 'Ксения', 'Горчакова', 'Наумовна', '1963-10-02', '4752 758667');
insert into project.passengers values (1948, 'Егор', 'Поздняков', 'Львович', '1968-01-01', '4399 334706');
insert into project.passengers values (1949, 'Юлия', 'Колесова', 'Данииловна', '1990-04-06', '4018 828483');
insert into project.passengers values (1950, 'Георгий', 'Этуш', 'Егорович', '1984-09-09', '4119 274530');
insert into project.passengers values (1951, 'Ростислав', 'Чесноков', 'Тимофеевич', '1995-03-20', '4070 706528');
insert into project.passengers values (1952, 'Варвара', 'Натарова', 'Марковна', '1984-09-20', '4893 428770');
insert into project.passengers values (1953, 'Дмитрий', 'Пушкин', 'Фадеевич', '1993-09-12', '4182 291208');
insert into project.passengers values (1954, 'Клара', 'Карасева', 'Кирилловна', '1990-07-19', '4531 820492');
insert into project.passengers values (1955, 'Алена', 'Рекунова', 'Юлиановна', '1969-12-01', '4634 735361');
insert into project.passengers values (1956, 'Василиса', 'Хромченко', 'Трофимовна', '1992-03-15', '4547 867835');
insert into project.passengers values (1957, 'Раиса', 'Бегичева', 'Вячеславовна', '1962-05-16', '4921 523312');
insert into project.passengers values (1958, 'Герасим', 'Гусаров', 'Климентович', '1981-01-17', '4024 505848');
insert into project.passengers values (1959, 'Ярослава', 'Яна', 'Феодосьевна', '1980-12-02', '4240 186465');
insert into project.passengers values (1960, 'Татьяна', 'Севастьянова', 'Елизаровна', '1981-12-18', '4374 914825');
insert into project.passengers values (1961, 'Нонна', 'Косицкая', 'Данииловна', '1968-10-17', '4943 403888');
insert into project.passengers values (1962, 'Даниил', 'Абрашин', 'Алексеевич', '1975-03-19', '4728 586445');
insert into project.passengers values (1963, 'Аполлинария', 'Гринина', 'Вячеславовна', '1992-03-14', '4741 555540');
insert into project.passengers values (1964, 'Иван', 'Поникаров', 'Иванович', '1973-02-17', '4568 257114');
insert into project.passengers values (1965, 'Анфиса', 'Охрема', 'Федоровна', '1983-10-12', '4255 369107');
insert into project.passengers values (1966, 'Яков', 'Нагибин', 'Кузьмич', '1973-09-05', '4730 767895');
insert into project.passengers values (1967, 'Виталий', 'Трапезников', 'Семенович', '1984-04-20', '4075 316133');
insert into project.passengers values (1968, 'Яков', 'Кабаев', 'Иванович', '1971-01-27', '4927 148193');
insert into project.passengers values (1969, 'Георгий', 'Кустов', 'Аркадинович', '1992-09-28', '4666 522148');
insert into project.passengers values (1970, 'Петр', 'Беломестин', 'Леонидович', '1980-10-17', '4318 423051');
insert into project.passengers values (1971, 'Марк', 'Дябин', 'Денисович', '1993-04-06', '4885 441508');
insert into project.passengers values (1972, 'Егор', 'Большов', 'Павлович', '1971-01-07', '4011 268818');
insert into project.passengers values (1973, 'Таисия', 'Эмскиха', 'Феликсовна', '1977-08-07', '4337 868476');
insert into project.passengers values (1974, 'Наталия', 'Аникина', 'Федотовна', '1989-10-12', '4740 519289');
insert into project.passengers values (1975, 'Светлана', 'Ященко', 'Петровна', '1976-12-22', '4877 581892');
insert into project.passengers values (1976, 'Вениамин', 'Белоусов', 'Федорович', '1990-05-05', '4227 179571');
insert into project.passengers values (1977, 'Дарья', 'Маклакова', 'Федоровна', '1996-12-09', '4987 485939');
insert into project.passengers values (1978, 'Трофим', 'Оропай', 'Игнатьевич', '1988-11-25', '4456 323920');
insert into project.passengers values (1979, 'Трофим', 'Ябуров', 'Савванович', '1970-02-19', '4775 996980');
insert into project.passengers values (1980, 'Ирина', 'Низовкина', 'Севастьяновна', '1985-04-21', '4851 833425');
insert into project.passengers values (1981, 'Екатерина', 'Юматова', 'Леонидовна', '1963-07-13', '4516 516119');
insert into project.passengers values (1982, 'Никита', 'Бабат', 'Степанович', '1990-07-09', '4721 175930');
insert into project.passengers values (1983, 'Гавриил', 'Слепынин', 'Игнатьевич', '1985-09-20', '4163 783964');
insert into project.passengers values (1984, 'Федор', 'Онегин', 'Елизарович', '1981-09-23', '4615 268313');
insert into project.passengers values (1985, 'Никита', 'Шубин', 'Ефимович', '1984-05-26', '4689 346930');
insert into project.passengers values (1986, 'Федор', 'Завразин', 'Алексеевич', '1989-01-23', '4834 616159');
insert into project.passengers values (1987, 'Иван', 'Никологорский', 'Викторович', '1991-06-04', '4313 631924');
insert into project.passengers values (1988, 'Галина', 'Грешнева', 'Александровна', '1987-10-20', '4539 223722');
insert into project.passengers values (1989, 'Тимофей', 'Матизов', 'Никифорович', '1979-03-26', '4025 812685');
insert into project.passengers values (1990, 'Николай', 'Якушин', 'Даниилович', '1993-07-26', '4544 360047');
insert into project.passengers values (1991, 'Герасим', 'Чернышёв', 'Наумович', '1994-02-11', '4941 443607');
insert into project.passengers values (1992, 'Екатерина', 'Калугер', 'Феликсовна', '1972-11-11', '4831 577711');
insert into project.passengers values (1993, 'Вениамин', 'Ермолаев', 'Григорьевич', '1968-12-18', '4845 502161');
insert into project.passengers values (1994, 'Антонина', 'Медведева', 'Никитьевна', '1980-11-07', '4343 857972');
insert into project.passengers values (1995, 'Дарья', 'Никонова', 'Денисовна', '1970-11-13', '4250 563906');
insert into project.passengers values (1996, 'Лидия', 'Мосенцова', 'Ивановна', '1996-09-15', '4328 673963');
insert into project.passengers values (1997, 'Василий', 'Ясенев', 'Игнатьевич', '1974-08-17', '4491 938141');
insert into project.passengers values (1998, 'Игнат', 'Гершельман', 'Александрович', '1972-07-04', '4287 385937');
insert into project.passengers values (1999, 'Захар', 'Яржемковский', 'Дмитриевич', '1974-03-05', '4987 666353');
insert into project.passengers values (2000, 'Юрий', 'Дерновой', 'Ефремович', '1974-03-05', '4987 666353');
















insert into project.airport values ('Шереметьево', 'Россия, Московская область, аэропорт Шереметьево имени А.С. Пушкина', 'Москва', 55.969433, 37.415946);
insert into project.airport values ('Внуково', '2-я Рейсовая ул., 2, корп. 5, посёлок Внуково', 'Москва', 55.605214, 37.286311);
insert into project.airport values ('Домодедово', 'аэропорт Домодедово имени М.В. Ломоносова, 1', 'Москва', 55.417868, 37.900334);
insert into project.airport values ('Пулково', 'Пулковское ш., 41, лит.3А, Санкт-Петербург', 'Санкт-Петербург', 59.80247, 30.272908);
insert into project.airport values ('Толмачёво', 'Россия, Новосибирская область, аэропорт Новосибирск (Толмачёво) имени А.И. Покрышкина', 'Новосибирск', 55.013473, 82.667824);
insert into project.airport values ('Храброво', 'Россия, Калининградская область, аэропорт Калининград (Храброво) имени императрицы Елизаветы Петровны', 'Калининград', 54.884922, 20.585623);
insert into project.airport values ('Стригино', 'None', 'Нижний Новгород', 56.222354, 43.789326);





insert into project.airline_company values (1488, 'Аэрофлот');
insert into project.airline_company values (1489, 'ЮТэйр');
insert into project.airline_company values (1490, 'Аэрофлот');
insert into project.airline_company values (1491, 'Россия');
insert into project.airline_company values (1492, 'Аэрофлот');
insert into project.airline_company values (1493, 'S7 Airlines');
insert into project.airline_company values (1494, 'Победа');
insert into project.airline_company values (1495, 'Аэрофлот');
insert into project.airline_company values (1496, 'Россия');
insert into project.airline_company values (1497, 'Победа');
insert into project.airline_company values (1498, 'Nordwind');
insert into project.airline_company values (1499, 'Победа');
insert into project.airline_company values (1500, 'Аэрофлот');
insert into project.airline_company values (1501, 'S7 Airlines');
insert into project.airline_company values (1502, 'Уральские авиалинии');
insert into project.airline_company values (1503, 'Россия');
insert into project.airline_company values (1504, 'ЮТэйр');
insert into project.airline_company values (1505, 'Аэрофлот');
insert into project.airline_company values (1506, 'Победа');
insert into project.airline_company values (1507, 'Аэрофлот');
insert into project.airline_company values (1508, 'Россия');
insert into project.airline_company values (1509, 'Аэрофлот');
insert into project.airline_company values (1510, 'Аэрофлот');
insert into project.airline_company values (1511, 'S7 Airlines');
insert into project.airline_company values (1512, 'Аэрофлот');
insert into project.airline_company values (1513, 'Уральские авиалинии');
insert into project.airline_company values (1514, 'S7 Airlines');
insert into project.airline_company values (1515, 'Россия');
insert into project.airline_company values (1516, 'S7 Airlines');
insert into project.airline_company values (1517, 'Аэрофлот');
insert into project.airline_company values (1518, 'Аэрофлот');
insert into project.airline_company values (1519, 'Россия');
insert into project.airline_company values (1520, 'Аэрофлот');
insert into project.airline_company values (1521, 'ЮТэйр');
insert into project.airline_company values (1522, 'Россия');
insert into project.airline_company values (1523, 'Nordwind');
insert into project.airline_company values (1524, 'S7 Airlines');
insert into project.airline_company values (1525, 'Аэрофлот');
insert into project.airline_company values (1526, 'Нордстар');
insert into project.airline_company values (1527, 'Аэрофлот');
insert into project.airline_company values (1528, 'Россия');
insert into project.airline_company values (1529, 'Аэрофлот');
insert into project.airline_company values (1530, 'Аэрофлот');
insert into project.airline_company values (1531, 'Россия');
insert into project.airline_company values (1532, 'Победа');
insert into project.airline_company values (1533, 'Россия');
insert into project.airline_company values (1534, 'Аэрофлот');
insert into project.airline_company values (1535, 'Победа');
insert into project.airline_company values (1536, 'Smartavia');
insert into project.airline_company values (1537, 'Аэрофлот');
insert into project.airline_company values (1538, 'Аэрофлот');
insert into project.airline_company values (1539, 'Аэрофлот');
insert into project.airline_company values (1540, 'S7 Airlines');
insert into project.airline_company values (1541, 'S7 Airlines');
insert into project.airline_company values (1542, 'Победа');
insert into project.airline_company values (1543, 'Аэрофлот');
insert into project.airline_company values (1544, 'S7 Airlines');
insert into project.airline_company values (1545, 'Red Wings');
insert into project.airline_company values (1546, 'Победа');
insert into project.airline_company values (1547, 'S7 Airlines');
insert into project.airline_company values (1548, 'Azur Air');
insert into project.airline_company values (1549, 'Аэрофлот');
insert into project.airline_company values (1550, 'ЮТэйр');
insert into project.airline_company values (1551, 'Победа');
insert into project.airline_company values (1552, 'Аэрофлот');
insert into project.airline_company values (1553, 'S7 Airlines');
insert into project.airline_company values (1554, 'Smartavia');
insert into project.airline_company values (1555, 'Победа');
insert into project.airline_company values (1556, 'Аэрофлот');
insert into project.airline_company values (1557, 'Аэрофлот');
insert into project.airline_company values (1558, 'S7 Airlines');
insert into project.airline_company values (1559, 'Победа');
insert into project.airline_company values (1560, 'Уральские авиалинии');
insert into project.airline_company values (1561, 'Аэрофлот');
insert into project.airline_company values (1562, 'Победа');
insert into project.airline_company values (1563, 'Аэрофлот');
insert into project.airline_company values (1564, 'Red Wings');
insert into project.airline_company values (1565, 'S7 Airlines');
insert into project.airline_company values (1566, 'Nordwind');
insert into project.airline_company values (1567, 'ЮТэйр');
insert into project.airline_company values (1568, 'Аэрофлот');
insert into project.airline_company values (1569, 'Уральские авиалинии');
insert into project.airline_company values (1570, 'Победа');
insert into project.airline_company values (1571, 'Smartavia');
insert into project.airline_company values (1572, 'Аэрофлот');
insert into project.airline_company values (1573, 'Россия');
insert into project.airline_company values (1574, 'S7 Airlines');
insert into project.airline_company values (1575, 'Россия');
insert into project.airline_company values (1576, 'S7 Airlines');
insert into project.airline_company values (1577, 'Россия');
insert into project.airline_company values (1578, 'Россия');
insert into project.airline_company values (1579, 'S7 Airlines');
insert into project.airline_company values (1580, 'Россия');
insert into project.airline_company values (1581, 'S7 Airlines');










insert into project.plane values (1488, 228, 'Airbus A320', 'passenger', 'Валентин', 'Григолюк', 'Макарович', '1991-09-09');
insert into project.plane values (1489, 229, 'Boeing 737-400', 'passenger', 'Арсений', 'Крамник', 'Евгениевич', '1982-08-27');
insert into project.plane values (1490, 230, 'Airbus А320', 'passenger', 'Антон', 'Верица', 'Михаилович', '1970-02-23');
insert into project.plane values (1491, 231, 'Airbus A319', 'passenger', 'Антон', 'Катков', 'Макарович', '1965-07-02');
insert into project.plane values (1492, 232, 'Airbus A321', 'passenger', 'Артем', 'Аленин', 'Филиппович', '1960-01-19');
insert into project.plane values (1493, 233, 'Airbus A320', 'passenger', 'Кузьма', 'Чуличков', 'Яковлевич', '1979-11-25');
insert into project.plane values (1494, 234, 'Boeing 737-800', 'passenger', 'Петр', 'Вольпов', 'Севастьянович', '1992-09-02');
insert into project.plane values (1495, 235, 'Airbus А320', 'passenger', 'Максим', 'Голубчиков', 'Савванович', '1981-06-03');
insert into project.plane values (1496, 236, 'Airbus A319', 'passenger', 'Павел', 'Комяхов', 'Игнатьевич', '1986-06-09');
insert into project.plane values (1497, 237, 'Boeing 737-800', 'passenger', 'Савва', 'Кириленко', 'Александрович', '1965-03-05');
insert into project.plane values (1498, 238, 'Airbus А321', 'passenger', 'Константин', 'Воронков', 'Федорович', '1963-10-13');
insert into project.plane values (1499, 239, 'Boeing 737-800', 'passenger', 'Виктор', 'Бершов', 'Власович', '1984-01-16');
insert into project.plane values (1500, 240, 'Airbus А320', 'passenger', 'Адам', 'Бутиков', 'Никифорович', '1985-04-05');
insert into project.plane values (1501, 241, 'Airbus A320', 'passenger', 'Марк', 'Сыромятников', 'Никифорович', '1965-10-17');
insert into project.plane values (1502, 242, 'Airbus А321', 'passenger', 'Серафим', 'Дегтярев', 'Яковлевич', '1989-12-03');
insert into project.plane values (1503, 243, 'Airbus А320', 'passenger', 'Афанасий', 'Ясаманов', 'Кузьмич', '1982-02-24');
insert into project.plane values (1504, 244, 'Boeing 737-800', 'passenger', 'Максим', 'Тюшняков', 'Игнатьевич', '1983-06-05');
insert into project.plane values (1505, 245, 'Airbus А320', 'passenger', 'Антон', 'Болсунов', 'Яковлевич', '1977-10-15');
insert into project.plane values (1506, 246, 'Boeing 737-800', 'passenger', 'Константин', 'Салагин', 'Даниилович', '1986-11-26');
insert into project.plane values (1507, 247, 'Airbus A320', 'passenger', 'Тарас', 'Арсеньев', 'Вячеславович', '1968-03-17');
insert into project.plane values (1508, 248, 'Airbus A319', 'passenger', 'Ростислав', 'Щеголяев', 'Тарасович', '1967-01-15');
insert into project.plane values (1509, 249, 'Airbus А320', 'passenger', 'Давид', 'Низовкин', 'Данилович', '1986-05-09');
insert into project.plane values (1510, 250, 'Airbus A320', 'passenger', 'Даниил', 'Спиридонов', 'Максимоич', '1967-05-24');
insert into project.plane values (1511, 251, 'Airbus A320', 'passenger', 'Иван', 'Бехтерев', 'Георгиевич', '1962-12-04');
insert into project.plane values (1512, 252, 'Airbus А320', 'passenger', 'Тимофей', 'Крюков', 'Максимович', '1993-02-08');
insert into project.plane values (1513, 253, 'Airbus А320', 'passenger', 'Захар', 'Самошин', 'Алексеевич', '1994-08-14');
insert into project.plane values (1514, 254, 'Boeing 737-800', 'passenger', 'Гавриил', 'Шангин', 'Прохорович', '1996-02-08');
insert into project.plane values (1515, 255, 'Airbus A319', 'passenger', 'Афанасий', 'Бурдуковский', 'Макарович', '1989-10-01');
insert into project.plane values (1516, 256, 'Airbus A320', 'passenger', 'Леонтий', 'Борхес', 'Ефремович', '1985-12-08');
insert into project.plane values (1517, 257, 'Airbus A321', 'passenger', 'Григорий', 'Яковленко', 'Кириллович', '1978-04-19');
insert into project.plane values (1518, 258, 'Boeing 737-800', 'passenger', 'Геннадий', 'Мягков', 'Васильевич', '1980-05-08');
insert into project.plane values (1519, 259, 'Airbus A319', 'passenger', 'Антон', 'Убейсобакин', 'Денисович', '1977-07-20');
insert into project.plane values (1520, 260, 'Airbus А320', 'passenger', 'Захар', 'Турчанинов', 'Макарович', '1980-06-20');
insert into project.plane values (1521, 261, 'Boeing 737-400', 'passenger', 'Давид', 'Буряков', 'Прохорович', '1971-03-19');
insert into project.plane values (1522, 262, 'Airbus A319', 'passenger', 'Яков', 'Калдярв', 'Елизарович', '1978-02-27');
insert into project.plane values (1523, 263, 'Boeing 737-800', 'passenger', 'Степан', 'Сиянович', 'Тимофеевич', '1979-09-17');
insert into project.plane values (1524, 264, 'Boeing 737-800', 'passenger', 'Игнат', 'Пережогин', 'Яковлевич', '1961-12-17');
insert into project.plane values (1525, 265, 'Airbus A321', 'passenger', 'Виктор', 'Трактирников', 'Павлович', '1963-06-03');
insert into project.plane values (1526, 266, 'Boeing 737-800', 'passenger', 'Тимофей', 'Жуков', 'Сергеевич', '1985-11-21');
insert into project.plane values (1527, 267, 'Airbus A321', 'passenger', 'Иван', 'Криворотов', 'Ираклиевич', '1965-09-15');
insert into project.plane values (1528, 268, 'Airbus A319', 'passenger', 'Филипп', 'Смешной', 'Савванович', '1987-11-02');
insert into project.plane values (1529, 269, 'Boeing 737-800', 'passenger', 'Роман', 'Францев', 'Герасимович', '1993-08-23');
insert into project.plane values (1530, 270, 'Airbus А320', 'passenger', 'Яков', 'Андрющенко', 'Серафимович', '1969-08-04');
insert into project.plane values (1531, 271, 'Airbus A319', 'passenger', 'Ефим', 'Мухов', 'Валерьевич', '1995-05-23');
insert into project.plane values (1532, 272, 'Boeing 737-800', 'passenger', 'Константин', 'Слепынин', 'Михаилович', '1989-06-14');
insert into project.plane values (1533, 273, 'Airbus A319', 'passenger', 'Афанасий', 'Мальцев', 'Иннокентиевич', '1992-07-12');
insert into project.plane values (1534, 274, 'Airbus А320', 'passenger', 'Игнат', 'Кузикин', 'Иванович', '1965-02-02');
insert into project.plane values (1535, 275, 'Boeing 737-800', 'passenger', 'Марк', 'Ярмухаметов', 'Юлианович', '1980-11-03');
insert into project.plane values (1536, 276, 'Boeing 737-800', 'passenger', 'Прохор', 'Беломестных', 'Денисович', '1965-11-15');
insert into project.plane values (1537, 277, 'Boeing 737-800', 'passenger', 'Давид', 'Жиглов', 'Сергеевич', '1985-08-17');
insert into project.plane values (1538, 278, 'Boeing 737-800', 'passenger', 'Иннокентий', 'Фламин', 'Максимович', '1990-11-13');
insert into project.plane values (1539, 279, 'Airbus A320', 'passenger', 'Виталий', 'Старков', 'Федорович', '1979-06-23');
insert into project.plane values (1540, 280, 'Airbus А321', 'passenger', 'Павел', 'Греков', 'Романович', '1963-11-08');
insert into project.plane values (1541, 281, 'Boeing 737-800', 'passenger', 'Феликс', 'Менщиков', 'Тарасович', '1987-12-13');
insert into project.plane values (1542, 282, 'Boeing 737-800', 'passenger', 'Павел', 'Кушкин', 'Никитович', '1979-07-15');
insert into project.plane values (1543, 283, 'Airbus A320', 'passenger', 'Валентин', 'Кожуров', 'Давидович', '1966-07-16');
insert into project.plane values (1544, 284, 'Airbus А321', 'passenger', 'Александр', 'Решетилов', 'Севастьянович', '1979-12-23');
insert into project.plane values (1545, 285, 'Airbus А321', 'passenger', 'Максим', 'Туманов', 'Себастьянович', '1967-07-07');
insert into project.plane values (1546, 286, 'Boeing 737-800', 'passenger', 'Лев', 'Яшин', 'Васильевич', '1986-01-21');
insert into project.plane values (1547, 287, 'Airbus A319', 'passenger', 'Валерий', 'Кошков', 'Герасимович', '1977-03-24');
insert into project.plane values (1548, 288, 'Boeing 737-800', 'passenger', 'Игнат', 'Изотов', 'Ильич', '1966-08-03');
insert into project.plane values (1549, 289, 'Airbus A321', 'passenger', 'Лаврентий', 'Ловзанский', 'Савванович', '1964-11-26');
insert into project.plane values (1550, 290, 'Boeing 737-800', 'passenger', 'Георгий', 'Белкин', 'Юлианович', '1984-09-08');
insert into project.plane values (1551, 291, 'Boeing 737-800', 'passenger', 'Трофим', 'Бичурин', 'Петрович', '1969-06-28');
insert into project.plane values (1552, 292, 'Airbus A321', 'passenger', 'Даниил', 'Сиякаев', 'Георгиевич', '1973-08-26');
insert into project.plane values (1553, 293, 'Airbus A320', 'passenger', 'Никита', 'Голубов', 'Егорович', '1976-10-09');
insert into project.plane values (1554, 294, 'Boeing 737-800', 'passenger', 'Петр', 'Зворыгин', 'Николаевич', '1992-04-10');
insert into project.plane values (1555, 295, 'Boeing 737-800', 'passenger', 'Данила', 'Травников', 'Павлович', '1960-04-02');
insert into project.plane values (1556, 296, 'Airbus A321', 'passenger', 'Тимофей', 'Гориславский', 'Львович', '1965-12-09');
insert into project.plane values (1557, 297, 'Airbus A320', 'passenger', 'Виктор', 'Шлиппенбах', 'Ростиславович', '1981-10-07');
insert into project.plane values (1558, 298, 'Boeing 737-800', 'passenger', 'Евгений', 'Шерстов', 'Маркович', '1967-01-12');
insert into project.plane values (1559, 299, 'Boeing 737-800', 'passenger', 'Макар', 'Шашков', 'Маркович', '1966-08-26');
insert into project.plane values (1560, 300, 'Airbus А320', 'passenger', 'Даниил', 'Клименков', 'Акимович', '1966-01-07');
insert into project.plane values (1561, 301, 'Airbus A321', 'passenger', 'Кирилл', 'Кубланов', 'Иванович', '1961-06-05');
insert into project.plane values (1562, 302, 'Boeing 737-800', 'passenger', 'Федор', 'Долженко', 'Кириллович', '1960-12-20');
insert into project.plane values (1563, 303, 'Airbus A321', 'passenger', 'Марк', 'Яковенко', 'Константинович', '1984-01-23');
insert into project.plane values (1564, 304, 'Airbus А321', 'passenger', 'Ефим', 'Лагранский', 'Федотович', '1981-07-20');
insert into project.plane values (1565, 305, 'Airbus A320', 'passenger', 'Семен', 'Банин', 'Иванович', '1964-01-01');
insert into project.plane values (1566, 306, 'Boeing 737-800', 'passenger', 'Кирилл', 'Лясковец', 'Ростиславович', '1996-04-24');
insert into project.plane values (1567, 307, 'Boeing 737-800', 'passenger', 'Валерий', 'Глушков', 'Егорович', '1971-07-09');
insert into project.plane values (1568, 308, 'Airbus A321', 'passenger', 'Филипп', 'Шкловский', 'Никитович', '1988-07-22');
insert into project.plane values (1569, 309, 'Airbus А321', 'passenger', 'Ефим', 'Косков', 'Наумович', '1971-03-21');
insert into project.plane values (1570, 310, 'Boeing 737-800', 'passenger', 'Прохор', 'Другаков', 'Степанович', '1980-02-07');
insert into project.plane values (1571, 311, 'Boeing 737-800', 'passenger', 'Антон', 'Сунгатулин', 'Кузьмич', '1974-01-08');
insert into project.plane values (1572, 312, 'Airbus A321', 'passenger', 'Антон', 'Убыш', 'Федорович', '1979-12-12');
insert into project.plane values (1573, 313, 'Сухой Суперджет 100', 'passenger', 'Тимофей', 'Хахалин', 'Фадеевич', '1983-07-26');
insert into project.plane values (1574, 314, 'Embraer 170', 'passenger', 'Василий', 'Ковалёв', 'Арсеньевич', '1984-03-16');
insert into project.plane values (1575, 315, 'Сухой Суперджет 100', 'passenger', 'Степан', 'Зырянов', 'Власович', '1986-07-20');
insert into project.plane values (1576, 316, 'Embraer 170', 'passenger', 'Тарас', 'Бушуев', 'Валентинович', '1962-08-03');
insert into project.plane values (1577, 317, 'Сухой Суперджет 100', 'passenger', 'Федот', 'Сазонтов', 'Себастьянович', '1989-11-04');
insert into project.plane values (1578, 318, 'Сухой Суперджет 100', 'passenger', 'Иван', 'Огородников', 'Вячеславович', '1963-05-28');
insert into project.plane values (1579, 319, 'Embraer 170', 'passenger', 'Степан', 'Сафиюлин', 'Захарович', '1973-09-09');
insert into project.plane values (1580, 320, 'Сухой Суперджет 100', 'passenger', 'Даниил', 'Замятин', 'Германович', '1990-01-20');
insert into project.plane values (1581, 321, 'Embraer 170', 'passenger', 'Кирилл', 'Ясевич', 'Герасимович', '1990-11-26');



insert into project.airline_company_at_airport values ('SU', 46, 'Шереметьево', 'Аэрофлот');
insert into project.airline_company_at_airport values ('UT', 489, 'Внуково', 'ЮТэйр');
insert into project.airline_company_at_airport values ('SU', 2, 'Шереметьево', 'Аэрофлот');
insert into project.airline_company_at_airport values ('FV', 6022, 'Внуково', 'Россия');
insert into project.airline_company_at_airport values ('SU', 6, 'Шереметьево', 'Аэрофлот');
insert into project.airline_company_at_airport values ('S7', 1005, 'Домодедово', 'S7 Airlines');
insert into project.airline_company_at_airport values ('DP', 211, 'Внуково', 'Победа');
insert into project.airline_company_at_airport values ('SU', 10, 'Шереметьево', 'Аэрофлот');
insert into project.airline_company_at_airport values ('FV', 6010, 'Внуково', 'Россия');
insert into project.airline_company_at_airport values ('DP', 203, 'Внуково', 'Победа');
insert into project.airline_company_at_airport values ('N4', 177, 'Шереметьево', 'Nordwind');
insert into project.airline_company_at_airport values ('DP', 205, 'Внуково', 'Победа');
insert into project.airline_company_at_airport values ('SU', 12, 'Шереметьево', 'Аэрофлот');
insert into project.airline_company_at_airport values ('S7', 1027, 'Домодедово', 'S7 Airlines');
insert into project.airline_company_at_airport values ('U6', 79, 'Домодедово', 'Уральские авиалинии');
insert into project.airline_company_at_airport values ('FV', 6018, 'Внуково', 'Россия');
insert into project.airline_company_at_airport values ('UT', 369, 'Внуково', 'ЮТэйр');
insert into project.airline_company_at_airport values ('SU', 14, 'Шереметьево', 'Аэрофлот');
insert into project.airline_company_at_airport values ('DP', 201, 'Внуково', 'Победа');
insert into project.airline_company_at_airport values ('SU', 16, 'Шереметьево', 'Аэрофлот');
insert into project.airline_company_at_airport values ('FV', 6028, 'Внуково', 'Россия');
insert into project.airline_company_at_airport values ('SU', 42, 'Шереметьево', 'Аэрофлот');
insert into project.airline_company_at_airport values ('SU', 18, 'Шереметьево', 'Аэрофлот');
insert into project.airline_company_at_airport values ('S7', 1011, 'Домодедово', 'S7 Airlines');
insert into project.airline_company_at_airport values ('SU', 20, 'Шереметьево', 'Аэрофлот');
insert into project.airline_company_at_airport values ('U6', 59, 'Домодедово', 'Уральские авиалинии');
insert into project.airline_company_at_airport values ('S7', 1023, 'Домодедово', 'S7 Airlines');
insert into project.airline_company_at_airport values ('FV', 6014, 'Внуково', 'Россия');
insert into project.airline_company_at_airport values ('S7', 1013, 'Домодедово', 'S7 Airlines');
insert into project.airline_company_at_airport values ('SU', 22, 'Шереметьево', 'Аэрофлот');
insert into project.airline_company_at_airport values ('SU', 38, 'Шереметьево', 'Аэрофлот');
insert into project.airline_company_at_airport values ('FV', 6030, 'Внуково', 'Россия');
insert into project.airline_company_at_airport values ('SU', 24, 'Шереметьево', 'Аэрофлот');
insert into project.airline_company_at_airport values ('UT', 381, 'Внуково', 'ЮТэйр');
insert into project.airline_company_at_airport values ('FV', 6012, 'Внуково', 'Россия');
insert into project.airline_company_at_airport values ('N4', 147, 'Шереметьево', 'Nordwind');
insert into project.airline_company_at_airport values ('S7', 1017, 'Домодедово', 'S7 Airlines');
insert into project.airline_company_at_airport values ('SU', 26, 'Шереметьево', 'Аэрофлот');
insert into project.airline_company_at_airport values ('Y7', 1061, 'Домодедово', 'Нордстар');
insert into project.airline_company_at_airport values ('SU', 28, 'Шереметьево', 'Аэрофлот');
insert into project.airline_company_at_airport values ('FV', 6036, 'Внуково', 'Россия');
insert into project.airline_company_at_airport values ('SU', 30, 'Шереметьево', 'Аэрофлот');
insert into project.airline_company_at_airport values ('SU', 32, 'Шереметьево', 'Аэрофлот');
insert into project.airline_company_at_airport values ('FV', 6024, 'Внуково', 'Россия');
insert into project.airline_company_at_airport values ('DP', 207, 'Внуково', 'Победа');
insert into project.airline_company_at_airport values ('FV', 6016, 'Внуково', 'Россия');
insert into project.airline_company_at_airport values ('SU', 34, 'Шереметьево', 'Аэрофлот');
insert into project.airline_company_at_airport values ('DP', 1443, 'Внуково', 'Победа');
insert into project.airline_company_at_airport values ('5N', 237, 'Домодедово', 'Smartavia');
insert into project.airline_company_at_airport values ('SU', 1306, 'Шереметьево', 'Аэрофлот');
insert into project.airline_company_at_airport values ('SU', 1462, 'Шереметьево', 'Аэрофлот');
insert into project.airline_company_at_airport values ('SU', 1460, 'Шереметьево', 'Аэрофлот');
insert into project.airline_company_at_airport values ('S7', 2505, 'Домодедово', 'S7 Airlines');
insert into project.airline_company_at_airport values ('S7', 2507, 'Домодедово', 'S7 Airlines');
insert into project.airline_company_at_airport values ('DP', 419, 'Внуково', 'Победа');
insert into project.airline_company_at_airport values ('SU', 1548, 'Шереметьево', 'Аэрофлот');
insert into project.airline_company_at_airport values ('S7', 2511, 'Домодедово', 'S7 Airlines');
insert into project.airline_company_at_airport values ('WZ', 437, 'Домодедово', 'Red Wings');
insert into project.airline_company_at_airport values ('DP', 443, 'Внуково', 'Победа');
insert into project.airline_company_at_airport values ('S7', 1215, 'Домодедово', 'S7 Airlines');
insert into project.airline_company_at_airport values ('ZF', 357, 'Внуково', 'Azur Air');
insert into project.airline_company_at_airport values ('SU', 1000, 'Шереметьево', 'Аэрофлот');
insert into project.airline_company_at_airport values ('UT', 389, 'Внуково', 'ЮТэйр');
insert into project.airline_company_at_airport values ('DP', 261, 'Внуково', 'Победа');
insert into project.airline_company_at_airport values ('SU', 1014, 'Шереметьево', 'Аэрофлот');
insert into project.airline_company_at_airport values ('S7', 1213, 'Домодедово', 'S7 Airlines');
insert into project.airline_company_at_airport values ('5N', 253, 'Домодедово', 'Smartavia');
insert into project.airline_company_at_airport values ('DP', 257, 'Внуково', 'Победа');
insert into project.airline_company_at_airport values ('SU', 1002, 'Шереметьево', 'Аэрофлот');
insert into project.airline_company_at_airport values ('SU', 1790, 'Шереметьево', 'Аэрофлот');
insert into project.airline_company_at_airport values ('S7', 1217, 'Домодедово', 'S7 Airlines');
insert into project.airline_company_at_airport values ('DP', 267, 'Внуково', 'Победа');
insert into project.airline_company_at_airport values ('U6', 627, 'Домодедово', 'Уральские авиалинии');
insert into project.airline_company_at_airport values ('SU', 1004, 'Шереметьево', 'Аэрофлот');
insert into project.airline_company_at_airport values ('DP', 265, 'Внуково', 'Победа');
insert into project.airline_company_at_airport values ('SU', 1010, 'Шереметьево', 'Аэрофлот');
insert into project.airline_company_at_airport values ('WZ', 103, 'Домодедово', 'Red Wings');
insert into project.airline_company_at_airport values ('S7', 1211, 'Домодедово', 'S7 Airlines');
insert into project.airline_company_at_airport values ('N4', 223, 'Шереметьево', 'Nordwind');
insert into project.airline_company_at_airport values ('UT', 329, 'Внуково', 'ЮТэйр');
insert into project.airline_company_at_airport values ('SU', 1006, 'Шереметьево', 'Аэрофлот');
insert into project.airline_company_at_airport values ('U6', 73, 'Домодедово', 'Уральские авиалинии');
insert into project.airline_company_at_airport values ('DP', 263, 'Внуково', 'Победа');
insert into project.airline_company_at_airport values ('5N', 211, 'Домодедово', 'Smartavia');
insert into project.airline_company_at_airport values ('SU', 1008, 'Шереметьево', 'Аэрофлот');
insert into project.airline_company_at_airport values ('FV', 6253, 'Шереметьево', 'Россия');
insert into project.airline_company_at_airport values ('S7', 1093, 'Домодедово', 'S7 Airlines');
insert into project.airline_company_at_airport values ('FV', 6225, 'Шереметьево', 'Россия');
insert into project.airline_company_at_airport values ('S7', 1095, 'Домодедово', 'S7 Airlines');
insert into project.airline_company_at_airport values ('FV', 6229, 'Шереметьево', 'Россия');
insert into project.airline_company_at_airport values ('FV', 6349, 'Шереметьево', 'Россия');
insert into project.airline_company_at_airport values ('S7', 1097, 'Домодедово', 'S7 Airlines');
insert into project.airline_company_at_airport values ('FV', 6235, 'Шереметьево', 'Россия');
insert into project.airline_company_at_airport values ('S7', 1099, 'Домодедово', 'S7 Airlines');







insert into project.flights values ('SU', 46, 'passenger', 'Шереметьево', 'Пулково', '2021-05-08', '21:40:00', '2021-05-08', '23:00:00', 1488);
insert into project.flights values ('UT', 489, 'passenger', 'Внуково', 'Пулково', '2021-05-09', '02:35:00', '2021-05-09', '03:55:00', 1489);
insert into project.flights values ('SU', 2, 'passenger', 'Шереметьево', 'Пулково', '2021-05-09', '03:00:00', '2021-05-09', '04:25:00', 1490);
insert into project.flights values ('FV', 6022, 'passenger', 'Внуково', 'Пулково', '2021-05-09', '03:45:00', '2021-05-09', '05:05:00', 1491);
insert into project.flights values ('SU', 6, 'passenger', 'Шереметьево', 'Пулково', '2021-05-09', '03:55:00', '2021-05-09', '05:25:00', 1492);
insert into project.flights values ('S7', 1005, 'passenger', 'Домодедово', 'Пулково', '2021-05-09', '04:30:00', '2021-05-09', '06:05:00', 1493);
insert into project.flights values ('DP', 211, 'passenger', 'Внуково', 'Пулково', '2021-05-09', '04:30:00', '2021-05-09', '05:55:00', 1494);
insert into project.flights values ('SU', 10, 'passenger', 'Шереметьево', 'Пулково', '2021-05-09', '05:20:00', '2021-05-09', '06:50:00', 1495);
insert into project.flights values ('FV', 6010, 'passenger', 'Внуково', 'Пулково', '2021-05-09', '05:30:00', '2021-05-09', '06:50:00', 1496);
insert into project.flights values ('DP', 203, 'passenger', 'Внуково', 'Пулково', '2021-05-09', '05:45:00', '2021-05-09', '07:10:00', 1497);
insert into project.flights values ('N4', 177, 'passenger', 'Шереметьево', 'Пулково', '2021-05-09', '05:55:00', '2021-05-09', '07:20:00', 1498);
insert into project.flights values ('DP', 205, 'passenger', 'Внуково', 'Пулково', '2021-05-09', '06:30:00', '2021-05-09', '07:55:00', 1499);
insert into project.flights values ('SU', 12, 'passenger', 'Шереметьево', 'Пулково', '2021-05-09', '06:40:00', '2021-05-09', '08:10:00', 1500);
insert into project.flights values ('S7', 1027, 'passenger', 'Домодедово', 'Пулково', '2021-05-09', '06:55:00', '2021-05-09', '08:30:00', 1501);
insert into project.flights values ('U6', 79, 'passenger', 'Домодедово', 'Пулково', '2021-05-09', '07:10:00', '2021-05-09', '08:40:00', 1502);
insert into project.flights values ('FV', 6018, 'passenger', 'Внуково', 'Пулково', '2021-05-09', '07:35:00', '2021-05-09', '09:00:00', 1503);
insert into project.flights values ('UT', 369, 'passenger', 'Внуково', 'Пулково', '2021-05-09', '07:35:00', '2021-05-09', '08:55:00', 1504);
insert into project.flights values ('SU', 14, 'passenger', 'Шереметьево', 'Пулково', '2021-05-09', '07:40:00', '2021-05-09', '09:05:00', 1505);
insert into project.flights values ('DP', 201, 'passenger', 'Внуково', 'Пулково', '2021-05-09', '08:20:00', '2021-05-09', '09:45:00', 1506);
insert into project.flights values ('SU', 16, 'passenger', 'Шереметьево', 'Пулково', '2021-05-09', '08:35:00', '2021-05-09', '10:00:00', 1507);
insert into project.flights values ('FV', 6028, 'passenger', 'Внуково', 'Пулково', '2021-05-09', '08:35:00', '2021-05-09', '09:55:00', 1508);
insert into project.flights values ('SU', 42, 'passenger', 'Шереметьево', 'Пулково', '2021-05-09', '08:50:00', '2021-05-09', '10:20:00', 1509);
insert into project.flights values ('SU', 18, 'passenger', 'Шереметьево', 'Пулково', '2021-05-09', '09:25:00', '2021-05-09', '10:55:00', 1510);
insert into project.flights values ('S7', 1011, 'passenger', 'Домодедово', 'Пулково', '2021-05-09', '09:55:00', '2021-05-09', '11:30:00', 1511);
insert into project.flights values ('SU', 20, 'passenger', 'Шереметьево', 'Пулково', '2021-05-09', '10:30:00', '2021-05-09', '12:05:00', 1512);
insert into project.flights values ('U6', 59, 'passenger', 'Домодедово', 'Пулково', '2021-05-09', '10:35:00', '2021-05-09', '11:55:00', 1513);
insert into project.flights values ('S7', 1023, 'passenger', 'Домодедово', 'Пулково', '2021-05-09', '10:40:00', '2021-05-09', '12:15:00', 1514);
insert into project.flights values ('FV', 6014, 'passenger', 'Внуково', 'Пулково', '2021-05-09', '11:10:00', '2021-05-09', '12:30:00', 1515);
insert into project.flights values ('S7', 1013, 'passenger', 'Домодедово', 'Пулково', '2021-05-09', '11:45:00', '2021-05-09', '13:20:00', 1516);
insert into project.flights values ('SU', 22, 'passenger', 'Шереметьево', 'Пулково', '2021-05-09', '12:20:00', '2021-05-09', '13:45:00', 1517);
insert into project.flights values ('SU', 38, 'passenger', 'Шереметьево', 'Пулково', '2021-05-09', '13:25:00', '2021-05-09', '14:50:00', 1518);
insert into project.flights values ('FV', 6030, 'passenger', 'Внуково', 'Пулково', '2021-05-09', '13:45:00', '2021-05-09', '15:05:00', 1519);
insert into project.flights values ('SU', 24, 'passenger', 'Шереметьево', 'Пулково', '2021-05-09', '14:10:00', '2021-05-09', '15:35:00', 1520);
insert into project.flights values ('UT', 381, 'passenger', 'Внуково', 'Пулково', '2021-05-09', '15:00:00', '2021-05-09', '16:30:00', 1521);
insert into project.flights values ('FV', 6012, 'passenger', 'Внуково', 'Пулково', '2021-05-09', '15:05:00', '2021-05-09', '16:25:00', 1522);
insert into project.flights values ('N4', 147, 'passenger', 'Шереметьево', 'Пулково', '2021-05-09', '15:20:00', '2021-05-09', '16:55:00', 1523);
insert into project.flights values ('S7', 1017, 'passenger', 'Домодедово', 'Пулково', '2021-05-09', '15:30:00', '2021-05-09', '17:05:00', 1524);
insert into project.flights values ('SU', 26, 'passenger', 'Шереметьево', 'Пулково', '2021-05-09', '15:55:00', '2021-05-09', '17:15:00', 1525);
insert into project.flights values ('Y7', 1061, 'passenger', 'Домодедово', 'Пулково', '2021-05-09', '16:05:00', '2021-05-09', '17:55:00', 1526);
insert into project.flights values ('SU', 28, 'passenger', 'Шереметьево', 'Пулково', '2021-05-09', '16:40:00', '2021-05-09', '18:20:00', 1527);
insert into project.flights values ('FV', 6036, 'passenger', 'Внуково', 'Пулково', '2021-05-09', '17:15:00', '2021-05-09', '18:35:00', 1528);
insert into project.flights values ('SU', 30, 'passenger', 'Шереметьево', 'Пулково', '2021-05-09', '17:30:00', '2021-05-09', '19:00:00', 1529);
insert into project.flights values ('SU', 32, 'passenger', 'Шереметьево', 'Пулково', '2021-05-09', '18:00:00', '2021-05-09', '19:30:00', 1530);
insert into project.flights values ('FV', 6024, 'passenger', 'Внуково', 'Пулково', '2021-05-09', '18:45:00', '2021-05-09', '20:15:00', 1531);
insert into project.flights values ('DP', 207, 'passenger', 'Внуково', 'Пулково', '2021-05-09', '19:15:00', '2021-05-09', '20:40:00', 1532);
insert into project.flights values ('FV', 6016, 'passenger', 'Внуково', 'Пулково', '2021-05-09', '19:30:00', '2021-05-09', '20:50:00', 1533);
insert into project.flights values ('SU', 34, 'passenger', 'Шереметьево', 'Пулково', '2021-05-09', '20:15:00', '2021-05-09', '21:40:00', 1534);
insert into project.flights values ('DP', 1443, 'passenger', 'Внуково', 'Толмачёво', '2021-05-07', '21:05:00', '2021-05-08', '01:15:00', 1535);
insert into project.flights values ('5N', 237, 'passenger', 'Домодедово', 'Толмачёво', '2021-05-07', '21:30:00', '2021-05-08', '01:25:00', 1536);
insert into project.flights values ('SU', 1306, 'passenger', 'Шереметьево', 'Толмачёво', '2021-05-07', '22:05:00', '2021-05-08', '02:05:00', 1537);
insert into project.flights values ('SU', 1462, 'passenger', 'Шереметьево', 'Толмачёво', '2021-05-08', '03:25:00', '2021-05-08', '07:25:00', 1538);
insert into project.flights values ('SU', 1460, 'passenger', 'Шереметьево', 'Толмачёво', '2021-05-08', '06:05:00', '2021-05-08', '10:15:00', 1539);
insert into project.flights values ('S7', 2505, 'passenger', 'Домодедово', 'Толмачёво', '2021-05-08', '08:30:00', '2021-05-08', '12:30:00', 1540);
insert into project.flights values ('S7', 2507, 'passenger', 'Домодедово', 'Толмачёво', '2021-05-08', '10:25:00', '2021-05-08', '14:25:00', 1541);
insert into project.flights values ('DP', 419, 'passenger', 'Внуково', 'Толмачёво', '2021-05-08', '17:30:00', '2021-05-08', '21:30:00', 1542);
insert into project.flights values ('SU', 1548, 'passenger', 'Шереметьево', 'Толмачёво', '2021-05-08', '17:35:00', '2021-05-08', '21:45:00', 1543);
insert into project.flights values ('S7', 2511, 'passenger', 'Домодедово', 'Толмачёво', '2021-05-08', '18:05:00', '2021-05-08', '22:05:00', 1544);
insert into project.flights values ('WZ', 437, 'passenger', 'Домодедово', 'Толмачёво', '2021-05-08', '19:10:00', '2021-05-08', '23:10:00', 1545);
insert into project.flights values ('DP', 443, 'passenger', 'Внуково', 'Толмачёво', '2021-05-08', '20:00:00', '2021-05-09', '00:05:00', 1546);
insert into project.flights values ('S7', 1215, 'passenger', 'Домодедово', 'Храброво', '2021-05-06', '21:30:00', '2021-05-06', '23:45:00', 1547);
insert into project.flights values ('ZF', 357, 'passenger', 'Внуково', 'Храброво', '2021-05-07', '03:30:00', '2021-05-07', '05:35:00', 1548);
insert into project.flights values ('SU', 1000, 'passenger', 'Шереметьево', 'Храброво', '2021-05-07', '03:40:00', '2021-05-07', '05:40:00', 1549);
insert into project.flights values ('UT', 389, 'passenger', 'Внуково', 'Храброво', '2021-05-07', '04:10:00', '2021-05-07', '06:10:00', 1550);
insert into project.flights values ('DP', 261, 'passenger', 'Внуково', 'Храброво', '2021-05-07', '04:50:00', '2021-05-07', '06:55:00', 1551);
insert into project.flights values ('SU', 1014, 'passenger', 'Шереметьево', 'Храброво', '2021-05-07', '04:55:00', '2021-05-07', '07:00:00', 1552);
insert into project.flights values ('S7', 1213, 'passenger', 'Домодедово', 'Храброво', '2021-05-07', '05:40:00', '2021-05-07', '07:55:00', 1553);
insert into project.flights values ('5N', 253, 'passenger', 'Домодедово', 'Храброво', '2021-05-07', '06:35:00', '2021-05-07', '08:35:00', 1554);
insert into project.flights values ('DP', 257, 'passenger', 'Внуково', 'Храброво', '2021-05-07', '06:50:00', '2021-05-07', '08:50:00', 1555);
insert into project.flights values ('SU', 1002, 'passenger', 'Шереметьево', 'Храброво', '2021-05-07', '07:10:00', '2021-05-07', '09:20:00', 1556);
insert into project.flights values ('SU', 1790, 'passenger', 'Шереметьево', 'Храброво', '2021-05-07', '08:05:00', '2021-05-07', '10:00:00', 1557);
insert into project.flights values ('S7', 1217, 'passenger', 'Домодедово', 'Храброво', '2021-05-07', '08:50:00', '2021-05-07', '11:05:00', 1558);
insert into project.flights values ('DP', 267, 'passenger', 'Внуково', 'Храброво', '2021-05-07', '09:05:00', '2021-05-07', '11:05:00', 1559);
insert into project.flights values ('U6', 627, 'passenger', 'Домодедово', 'Храброво', '2021-05-07', '10:20:00', '2021-05-07', '12:20:00', 1560);
insert into project.flights values ('SU', 1004, 'passenger', 'Шереметьево', 'Храброво', '2021-05-07', '10:40:00', '2021-05-07', '12:45:00', 1561);
insert into project.flights values ('DP', 265, 'passenger', 'Внуково', 'Храброво', '2021-05-07', '13:00:00', '2021-05-07', '15:00:00', 1562);
insert into project.flights values ('SU', 1010, 'passenger', 'Шереметьево', 'Храброво', '2021-05-07', '13:25:00', '2021-05-07', '15:35:00', 1563);
insert into project.flights values ('WZ', 103, 'passenger', 'Домодедово', 'Храброво', '2021-05-07', '13:25:00', '2021-05-07', '15:30:00', 1564);
insert into project.flights values ('S7', 1211, 'passenger', 'Домодедово', 'Храброво', '2021-05-07', '14:00:00', '2021-05-07', '16:15:00', 1565);
insert into project.flights values ('N4', 223, 'passenger', 'Шереметьево', 'Храброво', '2021-05-07', '14:45:00', '2021-05-07', '16:50:00', 1566);
insert into project.flights values ('UT', 329, 'passenger', 'Внуково', 'Храброво', '2021-05-07', '14:55:00', '2021-05-07', '17:05:00', 1567);
insert into project.flights values ('SU', 1006, 'passenger', 'Шереметьево', 'Храброво', '2021-05-07', '15:30:00', '2021-05-07', '17:40:00', 1568);
insert into project.flights values ('U6', 73, 'passenger', 'Домодедово', 'Храброво', '2021-05-07', '16:00:00', '2021-05-07', '18:00:00', 1569);
insert into project.flights values ('DP', 263, 'passenger', 'Внуково', 'Храброво', '2021-05-07', '16:10:00', '2021-05-07', '18:15:00', 1570);
insert into project.flights values ('5N', 211, 'passenger', 'Домодедово', 'Храброво', '2021-05-07', '16:55:00', '2021-05-07', '18:55:00', 1571);
insert into project.flights values ('SU', 1008, 'passenger', 'Шереметьево', 'Храброво', '2021-05-07', '17:05:00', '2021-05-07', '19:10:00', 1572);
insert into project.flights values ('FV', 6253, 'passenger', 'Шереметьево', 'Стригино', '2021-05-06', '03:00:00', '2021-05-06', '04:20:00', 1573);
insert into project.flights values ('S7', 1093, 'passenger', 'Домодедово', 'Стригино', '2021-05-06', '05:30:00', '2021-05-06', '06:45:00', 1574);
insert into project.flights values ('FV', 6225, 'passenger', 'Шереметьево', 'Стригино', '2021-05-06', '06:45:00', '2021-05-06', '08:10:00', 1575);
insert into project.flights values ('S7', 1095, 'passenger', 'Домодедово', 'Стригино', '2021-05-06', '10:10:00', '2021-05-06', '11:25:00', 1576);
insert into project.flights values ('FV', 6229, 'passenger', 'Шереметьево', 'Стригино', '2021-05-06', '12:10:00', '2021-05-06', '13:20:00', 1577);
insert into project.flights values ('FV', 6349, 'passenger', 'Шереметьево', 'Стригино', '2021-05-06', '15:30:00', '2021-05-06', '16:45:00', 1578);
insert into project.flights values ('S7', 1097, 'passenger', 'Домодедово', 'Стригино', '2021-05-06', '16:30:00', '2021-05-06', '17:45:00', 1579);
insert into project.flights values ('FV', 6235, 'passenger', 'Шереметьево', 'Стригино', '2021-05-06', '17:25:00', '2021-05-06', '18:40:00', 1580);
insert into project.flights values ('S7', 1099, 'passenger', 'Домодедово', 'Стригино', '2021-05-06', '20:50:00', '2021-05-06', '22:05:00', 1581);


